Time,Altitude,Velocity,Acceleration_m_s2,Calculated_Cd,Mach,,,
0,875,0,0,0,0,,,
0.01,875,0.0992,19.8389,0,0.000289213,,,
0.02,875.002,0.4458,49.4745,0,0.001299708,,,
0.03,875.009,1.0888,79.1397,0,0.003174344,,,
0.04,875.024,2.029,108.893,0,0.005915452,,,
0.052,875.057,3.4213,123.1617,0,0.009974636,,,
0.062,875.097,4.6559,123.7599,0,0.013574052,,,
0.072,875.149,5.8965,124.3581,0,0.017190962,,,
0.082,875.214,7.1431,124.9661,0,0.020825364,,,
0.092,875.291,8.3958,125.5643,0,0.024477551,,,
0.101,875.372,9.5283,126.1037,0,0.0277793,,,
0.111,875.473,10.7882,125.8782,0,0.031452478,,,
0.121,875.587,12.0459,125.6526,0,0.035119242,,,
0.131,875.713,13.3013,125.4271,0,0.0387793,,,
0.141,875.852,14.5544,125.2015,0,0.042432653,,,
0.151,876.004,15.8053,124.9759,0,0.046079592,,,
0.161,876.168,17.0539,124.7406,0,0.049719825,,,
0.171,876.344,18.3002,124.515,0,0.053353353,,,
0.181,876.533,19.5442,124.2895,0,0.056980175,,,
0.19,876.713,20.6619,124.0835,0,0.060238776,,,
0.2,876.926,21.9029,124.1228,0,0.063856851,,,
0.21,877.151,23.1443,124.162,0,0.067476093,,,
0.22,877.388,24.3862,124.211,0,0.071096793,,,
0.23,877.638,25.6285,124.2503,0,0.074718659,,,
0.24,877.9,26.8712,124.2895,0,0.078341691,,,
0.25,878.175,28.1143,124.3385,0,0.081965889,,,
0.26,878.462,29.3579,124.3777,0,0.085591545,,,
0.27,878.761,30.6019,124.417,0,0.089218367,,,
0.28,879.073,31.8462,124.4562,0,0.092846064,,,
0.29,879.397,33.091,124.5052,0,0.096475219,,,
0.3,879.734,34.3363,124.5445,0,0.100105831,,,
0.31,880.084,35.5819,124.5837,0,0.103737318,,,
0.32,880.445,36.8279,124.6033,0,0.107369971,,,
0.335,881.011,38.6974,124.6621,0,0.112820408,,,
0.358,881.913,41.5656,124.7504,0,0.121182507,,,
0.38,882.877,44.3111,124.8387,0,0.12918688,,,
0.414,884.443,48.5623,125.2309,0,0.14158105,,, 
0.464,887.025,54.8378,125.7899,0,0.159876968,,,
0.514,889.921,61.141,126.3391,0,0.178253644,,,
0.564,893.133,67.4712,126.8686,0,0.196709038,,,
0.614,896.662,73.8274,127.3786,0,0.215240233,,,
0.664,900.509,80.2083,127.8591,0,0.23384344,,,
0.714,904.677,86.6131,128.3298,0,0.252516327,,,
0.764,909.165,93.0403,128.7613,0,0.271254519,,,
0.814,913.975,99.4884,129.1634,0,0.290053644,,,
0.864,919.107,105.9557,129.5262,0,0.308908746,,,
0.914,924.564,112.4403,129.8597,0,0.327814286,,,
0.965,930.494,119.0707,130.1539,0,0.347144898,,,
1.015,936.609,125.5906,130.6442,0,0.366153353,,,
1.065,943.05,132.1349,131.1247,0,0.385232945,,,
1.115,949.82,138.7031,131.6052,0,0.404382216,,,
1.165,956.918,145.2966,132.1348,0,0.423605248,,,
1.215,964.347,151.9178,132.7134,0,0.442909038,,,
1.265,972.107,158.5702,133.3802,0,0.46230379,,,
1.315,980.201,165.2585,134.155,0,0.481803207,,,
1.365,988.631,171.9866,134.9689,0,0.501418659,,,
1.415,997.397,178.7567,135.8319,0,0.52115656,,,
1.465,1006.504,185.5706,136.7243,0,0.541022157,,,
1.515,1015.952,192.4283,137.5873,0,0.561015452,,,
1.565,1025.744,199.3271,138.362,0,0.581128571,,,
1.615,1035.882,206.2623,139.0485,0,0.601347813,,,
1.665,1046.368,213.2287,139.6075,0,0.621658017,,,
1.715,1057.202,220.2197,140.0292,0,0.642039942,,,
1.765,1068.387,227.2285,140.3234,0,0.662473761,,,
1.815,1079.923,234.2486,140.4803,0,0.682940525,,,
1.865,1091.809,241.2767,140.647,0,0.703430612,,,
1.915,1104.047,248.3162,140.9314,0,0.723953936,,,
1.961,1115.547,254.8083,141.3334,0,0.742881341,,,
2.004,1126.638,260.8979,141.9022,0,0.760635277,,,
2.054,1139.857,268.0123,142.677,0,0.781376968,,,
2.104,1153.433,275.1633,143.3634,0,0.802225364,,,
2.154,1167.367,282.3435,143.8439,0,0.823158892,,,
2.176,1173.685,285.5093,143.9518,0,0.83238863,,,
2.209,1183.295,290.2537,143.589,0,0.8462207,,,
2.258,1197.586,297.2713,142.8437,0,0.866680175,,,
2.308,1212.627,304.3966,142.167,0,0.887453644,,,
2.358,1228.023,311.4909,141.608,0,0.908136735,,,
2.395,1239.534,316.7275,141.4511,0,0.92340379,,,
2.434,1252.027,322.2441,141.4511,0,0.939487172,,,
2.484,1268.313,329.3209,141.6178,0,0.960119242,,,
2.534,1284.953,336.389,141.1079,0,0.980725948,,,
2.569,1297.027,341.317,140.4901,0,0.995093294,,,
2.602,1308.066,345.942,139.8134,0,1.008577259,,,
2.65,1324.893,352.6274,138.7445,0,1.028068222,,,
2.7,1342.694,359.5474,138.058,0,1.048243149,,,
2.737,1356.344,364.653,137.9207,0,1.06312828,,,
2.778,1371.395,370.3116,138.1071,0,1.079625656,,,
2.828,1390.085,377.2292,138.5974,0,1.099793586,,,
2.878,1408.826,384.1662,138.8818,0,1.120018076,,,
2.887,1412.433,385.4162,138.8916,0,1.123662391,,,
2.901,1417.867,387.3594,138.7053,0,1.129327697,,,
2.922,1426.068,390.2689,138.3914,0,1.137810204,,,
2.954,1438.487,394.69,137.9305,0,1.150699708,,,
3.001,1457.373,401.161,137.4304,0,1.169565598,,,
3.039,1472.627,406.3828,137.401,0,1.184789504,,,
3.089,1493.116,413.2551,137.4892,0,1.204825364,,,
3.139,1513.95,420.1236,137.2539,0,1.224850146,,,
3.187,1534.237,426.693,136.4693,0,1.244002915,,,
3.237,1555.74,433.4907,135.4396,0,1.263821283,,,
3.287,1577.582,440.2416,134.5963,0,1.283503207,,,
3.337,1599.76,446.9604,134.155,0,1.303091545,,,
3.387,1622.274,453.652,133.5077,0,1.322600583,,,
3.437,1645.122,460.3026,132.5173,0,1.341990087,,,
3.487,1668.3,466.9042,131.5464,0,1.361236735,,,
3.537,1691.808,473.4616,130.7521,0,1.380354519,,,
3.587,1715.643,479.9835,130.1244,0,1.399368805,,,
3.637,1739.803,486.4729,129.4478,0,1.418288338,,,
3.658,1750.065,489.1878,129.1144,0,1.426203499,,,
3.69,1765.565,493.2645,125.682,0,1.438088921,,,
3.737,1789.049,499.0483,120.4355,0,1.454951312,,,
3.787,1814.148,504.9342,115.0026,0,1.47211137,,,
3.837,1839.534,510.5502,109.6383,0,1.488484548,,,
3.887,1865.194,515.899,104.3133,0,1.504078717,,,
3.937,1891.115,520.9794,98.9001,0,1.518890379,,,
3.987,1917.283,525.7873,93.4181,0,1.53290758,,,
4.037,1943.685,530.3185,87.8284,0,1.546118076,,,
4.087,1970.306,534.5709,82.268,0,1.558515743,,,
4.137,1997.133,538.548,76.8155,0,1.570110787,,,
4.17,2015.003,541.0238,73.2361,0,1.577328863,,,
4.22,2041.958,544.6415,71.4709,0,1.587876093,,,
4.27,2069.275,548.1694,69.6468,0,1.598161516,,,
4.32,2096.767,551.5998,67.5678,0,1.608162682,,,
4.37,2124.428,554.9235,65.3809,0,1.61785277,,,
4.42,2152.252,558.1448,63.4686,0,1.627244315,,,
4.47,2180.235,561.2763,61.7917,0,1.636374052,,,
4.493,2193.35,562.6885,61.0072,0,1.640491254,,,
4.528,2213.085,564.7626,57.516,0,1.646538192,,,
4.578,2241.391,567.508,52.2989,0,1.654542274,,,
4.628,2269.828,569.9869,46.8562,0,1.661769388,,,
4.678,2298.382,572.1958,41.5017,0,1.668209329,,,
4.728,2327.039,574.1439,36.4219,0,1.673888921,,,
4.778,2355.788,575.8405,31.4401,0,1.678835277,,,
4.828,2384.615,577.2862,26.3897,0,1.683050146,,,
4.878,2413.508,578.4762,21.2118,0,1.686519534,,,
4.881,2415.238,578.5394,20.8882,0,1.68670379,,,
4.885,2417.833,578.6225,20.6528,0,1.686946064,,,
4.892,2421.726,578.7657,20.2802,0,1.687363557,,,
4.902,2427.567,578.9657,19.7212,0,1.687946647,,,
4.917,2436.333,579.2551,18.8582,0,1.688790379,,,
4.94,2449.49,579.674,17.5735,0,1.690011662,,,
4.974,2469.242,580.2392,15.671,0,1.691659475,,,
5.024,2498.271,580.9575,13.0625,0,1.693753644,,,
5.074,2527.332,581.5486,10.5814,0,1.695476968,,,
5.124,2556.42,582.0145,8.0513,0,1.696835277,,,
5.174,2585.528,582.3503,5.3839,0,1.697814286,,,
5.224,2614.649,582.5521,2.687,0,1.698402624,,,
5.274,2643.777,582.6217,0.0981,0,1.698605539,,,
5.324,2672.906,582.5619,-2.4909,0,1.698431195,,,
5.374,2702.028,582.3729,-5.07,0,1.697880175,,,
5.424,2731.138,582.0542,-7.6786,0,1.69695102,,,
5.474,2760.228,581.6038,-10.3362,0.013509,1.695637901,,,
5.483,2765.341,581.5087,-10.7971,0.02529,1.695360641,,,
5.496,2773.009,581.365,-11.3169,0.038615,1.694941691,,,
5.516,2784.508,581.1312,-12.0622,0.057796,1.694260058,,,
5.546,2801.747,580.753,-13.1507,0.085974,1.693157434,,,
5.59,2827.584,580.139,-14.759,0.127981,1.691367347,,,
5.64,2856.57,579.3532,-16.6713,0.178488,1.689076385,,,
5.69,2885.514,578.4694,-18.6817,0.232255,1.686499708,,,
5.74,2914.411,577.486,-20.6528,0.285776,1.683632653,,,
5.79,2943.257,576.4066,-22.5259,0.337528,1.680485714,,,
5.84,2972.047,575.2374,-24.242,0.385933,1.677076968,,,
5.89,3000.776,573.9782,-26.1249,0.439672,1.673405831,,,
5.94,3029.44,572.6229,-28.0862,0.496523,1.669454519,,,
5.99,3058.034,571.1703,-30.0182,0.553654,1.665219534,,,
6.04,3086.552,569.6233,-31.8618,0.609485,1.660709329,,,
6.09,3114.991,567.9839,-33.7153,0.666751,1.655929738,,,
6.137,3141.555,566.3573,-35.5001,0.722902,1.651187464,,,
6.187,3169.826,564.5134,-38.2557,0.808356,1.645811662,,,
6.237,3198.001,562.5337,-40.933,0.89362,1.640039942,,,
6.287,3226.074,560.4201,-43.6102,0.981051,1.633877843,,,
6.322,3245.661,558.8615,-45.4538,1.042736,1.629333819,,,
6.372,3273.546,556.5964,-45.1498,1.0457,1.622730029,,,
6.422,3301.318,554.345,-44.9047,1.050324,1.616166181,,,
6.472,3328.977,552.1074,-44.6006,1.053105,1.609642566,,,
6.522,3356.526,549.8847,-44.3064,1.056076,1.603162391,,,
6.572,3383.963,547.6775,-43.9828,1.05803,1.596727405,,,
6.622,3411.291,545.4887,-43.5709,1.057077,1.590346064,,,
6.672,3438.51,543.3177,-43.2669,1.059334,1.584016618,,,
6.722,3465.62,541.1583,-43.11,1.066193,1.577720991,,,
6.772,3492.623,539.0077,-42.9139,1.071789,1.57145102,,,
6.822,3519.518,536.8706,-42.5707,1.072526,1.565220408,,,
6.872,3546.307,534.7516,-42.1882,1.071797,1.559042566,,,
6.922,3572.991,532.65,-41.8744,1.073166,1.552915452,,,
6.972,3599.57,530.5615,-41.6685,1.078051,1.546826531,,,
7.022,3626.044,528.482,-41.5115,1.084573,1.540763848,,,
7.072,3652.415,526.413,-41.2468,1.087354,1.534731778,,,
7.122,3678.683,524.3602,-40.8643,1.085904,1.528746939,,,
7.172,3704.849,522.3253,-40.5309,1.085971,1.522814286,,,
7.222,3730.913,520.3047,-40.2955,1.089374,1.516923324,,,
7.272,3756.876,518.2941,-40.1288,1.095179,1.511061516,,,
7.322,3782.74,516.2921,-39.9523,1.100608,1.505224781,,,
7.372,3808.503,514.3006,-39.7071,1.103467,1.499418659,,,
7.422,3834.167,512.3235,-39.3737,1.102925,1.493654519,,,
7.472,3859.733,510.3627,-39.0599,1.102932,1.487937901,,,
7.522,3885.201,508.4163,-38.7951,1.104638,1.482263265,,,
7.572,3910.572,506.482,-38.5794,1.108111,1.476623907,,,
7.622,3935.846,504.5577,-38.393,1.112652,1.471013703,,,
7.672,3961.025,502.6419,-38.2361,1.118303,1.46542828,,,
7.722,3986.108,500.7348,-38.0498,1.122761,1.459868222,,,
7.772,4011.096,498.8401,-37.736,1.122029,1.454344315,,,
7.822,4035.989,496.9612,-37.4222,1.121106,1.448866472,,,
7.872,4060.789,495.0969,-37.1476,1.121601,1.443431195,,,
7.922,4085.496,493.2432,-37.0005,1.127239,1.438026822,,,
7.972,4110.111,491.3966,-36.8632,1.13327,1.432643149,,,
8.022,4134.633,489.5594,-36.6278,1.13513,1.42728688,,,
8.072,4159.064,487.7341,-36.3827,1.13645,1.421965306,,,
8.122,4183.404,485.9213,-36.1277,1.137212,1.416680175,,,
8.172,4207.654,484.1211,-35.8825,1.138257,1.411431778,,,
8.222,4231.813,482.3299,-35.7649,1.144801,1.406209621,,,
8.272,4255.884,480.5436,-35.6864,1.153102,1.401001749,,,
8.322,4279.865,478.7659,-35.4216,1.153045,1.39581895,,,
8.372,4303.758,477.0042,-35.049,1.147901,1.390682799,,,
8.422,4327.563,475.2581,-34.794,1.147881,1.385592128,,,
8.472,4351.281,473.5211,-34.6861,1.154543,1.380527988,,,
8.522,4374.912,471.7882,-34.6273,1.16352,1.375475802,,,
8.572,4398.457,470.0611,-34.4606,1.167442,1.370440525,,,
8.622,4421.916,468.3454,-34.1664,1.165189,1.365438484,,,
8.672,4445.289,466.6444,-33.8722,1.162717,1.3604793,,,
8.722,4468.578,464.956,-33.6662,1.16434,1.355556851,,,
8.772,4491.782,463.2758,-33.5387,1.169723,1.350658309,,,
8.822,4514.903,461.6023,-33.4014,1.174595,1.3457793,,,
8.872,4537.94,459.9357,-33.2642,1.17943,1.340920408,,,
8.922,4560.894,458.2766,-33.0974,1.182732,1.336083382,,,
8.972,4583.765,456.6289,-32.8131,1.179907,1.331279592,,,
9.022,4606.554,454.9944,-32.5679,1.178893,1.326514286,,,
9.072,4629.261,453.3694,-32.4306,1.183354,1.321776676,,,
9.122,4651.888,451.7513,-32.2933,1.187771,1.317059184,,,
9.172,4674.434,450.1391,-32.1952,1.19424,1.312358892,,,
9.222,4696.899,448.5323,-32.0776,1.199657,1.307674344,,,
9.272,4719.284,446.9348,-31.8226,1.197565,1.30301691,,,
9.322,4741.59,445.35,-31.5676,1.195267,1.298396501,,,
9.372,4763.816,443.7765,-31.3715,1.196032,1.293809038,,,
9.422,4785.965,442.2104,-31.2734,1.202169,1.289243149,,,
9.472,4808.035,440.6482,-31.2146,1.210529,1.28468863,,,
9.522,4830.027,439.0912,-31.0675,1.213889,1.280149271,,,
9.572,4851.941,437.5432,-30.8517,1.213212,1.275636152,,,
9.622,4873.778,436.0062,-30.6262,1.211795,1.271155102,,,
9.672,4895.539,434.4801,-30.4202,1.211349,1.266705831,,,
9.722,4917.224,432.9625,-30.2829,1.214827,1.262281341,,,
9.772,4938.833,431.4501,-30.2143,1.222361,1.257872012,,,
9.822,4960.366,429.9423,-30.0966,1.226955,1.253476093,,,
9.872,4981.824,428.4429,-29.8809,1.22551,1.249104665,,,
9.922,5003.207,426.953,-29.7141,1.226912,1.244760933,,,
9.972,5024.517,425.4702,-29.5965,1.231258,1.240437901,,,
10.022,5045.752,423.9936,-29.469,1.234943,1.236132945,,,
10.072,5066.913,422.5245,-29.2925,1.235454,1.231849854,,,
10.122,5088.001,421.0656,-29.0669,1.232685,1.227596501,,,
10.172,5109.017,419.6161,-28.91,1.234151,1.223370554,,,
10.222,5129.96,418.1721,-28.8512,1.241917,1.219160641,,,
10.272,5150.831,416.731,-28.7923,1.249723,1.214959184,,,
10.322,5171.631,415.2939,-28.6943,1.254955,1.210769388,,,
10.372,5192.358,413.8653,-28.4491,1.250276,1.206604373,,,
10.422,5213.014,412.4489,-28.2039,1.245345,1.202474927,,,
10.472,5233.6,411.041,-28.1157,1.250902,1.198370262,,,
10.522,5254.116,409.6369,-28.047,1.257801,1.194276676,,,
10.572,5274.561,408.2377,-27.9195,1.260615,1.190197376,,,
10.622,5294.937,406.8462,-27.743,1.2599,1.186140525,,,
10.672,5315.243,405.4622,-27.6155,1.262512,1.182105539,,,
10.722,5335.48,404.0824,-27.5763,1.271372,1.178082799,,,
10.772,5355.648,402.7048,-27.5273,1.279586,1.174066472,,,
10.822,5375.748,401.3321,-27.3802,1.280684,1.170064431,,,
10.872,5395.779,399.9683,-27.1742,1.277329,1.166088338,,,
10.922,5415.742,398.613,-27.0369,1.278864,1.162137026,,,
10.972,5435.637,397.2614,-27.0271,1.289863,1.158196501,,,
11.022,5455.465,395.91,-27.0271,1.301716,1.15425656,,,
11.072,5475.225,394.5597,-26.9879,1.3107,1.150319825,,,
11.122,5494.918,393.2134,-26.8604,1.312936,1.146394752,,,
11.172,5514.544,391.8736,-26.7329,1.31508,1.14248863,,,
11.222,5534.102,390.5384,-26.6741,1.322525,1.138595918,,,
11.272,5553.594,389.2067,-26.5956,1.328439,1.134713411,,,
11.322,5573.02,387.8779,-26.5564,1.337485,1.130839359,,,
11.372,5592.379,386.5506,-26.5368,1.348176,1.126969679,,,
11.422,5611.672,385.2254,-26.4681,1.354969,1.123106122,,,
11.472,5630.899,383.9042,-26.3799,1.360158,1.119254227,,,
11.522,5650.06,382.5862,-26.3407,1.369388,1.115411662,,,
11.572,5669.155,381.2709,-26.272,1.376215,1.111576968,,,
11.622,5688.184,379.9598,-26.1739,1.380564,1.107754519,,,
11.672,5707.148,378.6511,-26.1739,1.393228,1.103939067,,,
11.722,5726.046,377.3414,-26.2132,1.409409,1.1001207,,,
11.772,5744.879,376.0315,-26.1838,1.419842,1.096301749,,,
11.822,5763.646,374.7255,-26.0563,1.421763,1.092494169,,,
11.872,5782.348,373.4263,-25.9092,1.421837,1.088706414,,,
11.922,5800.986,372.1328,-25.8307,1.427891,1.084935277,,,
11.972,5819.559,370.8415,-25.8209,1.440115,1.081170554,,,
12.022,5838.067,369.55,-25.8405,1.45514,1.077405248,,,
12.072,5856.511,368.2582,-25.8307,1.467652,1.073639067,,,
12.122,5874.89,366.9684,-25.7621,1.474841,1.069878717,,,
12.172,5893.205,365.6832,-25.6444,1.477451,1.066131778,,,
12.222,5911.455,364.404,-25.5267,1.479961,1.062402332,,,
12.272,5929.642,363.1293,-25.4581,1.487039,1.058686006,,,
12.322,5947.765,361.8567,-25.4483,1.499774,1.054975802,,,
12.372,5965.825,360.5848,-25.4286,1.511688,1.051267638,,,
12.422,5983.821,359.3158,-25.3306,1.516033,1.04756793,,,
12.472,6001.753,358.0512,-25.2521,1.522253,1.04388105,,,
12.522,6019.623,356.7911,-25.1541,1.526498,1.040207289,,,
12.572,6037.43,355.5351,-25.0854,1.533635,1.036545481,,,
12.622,6055.174,354.2818,-25.0462,1.543759,1.032891545,,,
12.672,6072.855,353.0319,-24.9481,1.547921,1.029247522,,,
12.722,6090.474,351.7865,-24.8697,1.554042,1.025616618,,,
12.772,6108.031,350.5447,-24.801,1.56116,1.02199621,,,
12.822,6125.526,349.3069,-24.7128,1.56621,1.018387464,,,
12.872,6142.959,348.0732,-24.6343,1.572252,1.014790671,,,
12.922,6160.33,346.8442,-24.5264,1.575109,1.01120758,,,
12.972,6177.64,345.6215,-24.3793,1.573623,1.007642857,,,
13.022,6194.889,344.405,-24.2813,1.577292,1.00409621,,,
13.072,6212.078,343.1919,-24.242,1.587364,1.000559475,,,
13.122,6229.206,341.9813,-24.1832,1.595318,0.997030029,,,
13.172,6246.273,340.7739,-24.1146,1.602186,0.993509913,,,
13.222,6263.28,339.5708,-24.0067,1.6046,0.990002332,,,
13.272,6280.227,338.3751,-23.8204,1.597939,0.986516327,,,
13.322,6297.115,337.1883,-23.6536,1.593226,0.983056268,,,
13.372,6313.943,336.0088,-23.5262,1.59281,0.979617493,,,
13.422,6330.713,334.8347,-23.4379,1.596829,0.976194461,,,
13.472,6347.424,333.6635,-23.4085,1.607745,0.972779883,,,
13.522,6364.076,332.4953,-23.3202,1.611711,0.969374052,,,
13.572,6380.67,331.3325,-23.1927,1.610874,0.965983965,,,
13.622,6397.207,330.1763,-23.0554,1.608664,0.96261312,,,
13.672,6413.685,329.0274,-22.8985,1.603839,0.959263557,,,
13.722,6430.106,327.8862,-22.7514,1.599965,0.955936443,,,
13.772,6446.471,326.7513,-22.6436,1.600751,0.952627697,,,
13.822,6462.779,325.6233,-22.4768,1.593983,0.949339067,,,
13.872,6479.03,324.5039,-22.3003,1.585667,0.94607551,,,
13.922,6495.226,323.3913,-22.2023,1.587085,0.942831778,,,
13.972,6511.367,322.2829,-22.1336,1.592192,0.939600292,,,
14.022,6527.452,321.1787,-22.0355,1.593417,0.93638105,,,
14.072,6543.482,320.0811,-21.8688,1.585479,0.93318105,,,
14.122,6559.457,318.9925,-21.6727,1.573316,0.930007289,,,
14.172,6575.378,317.9141,-21.4668,1.559436,0.926863265,,,
14.222,6591.245,316.8449,-21.3,1.550422,0.923746064,,,
14.272,6607.059,315.7836,-21.1529,1.543754,0.920651895,,,
14.322,6622.821,314.7286,-21.0451,1.542202,0.917576093,,,
14.372,6638.529,313.6783,-20.9666,1.544561,0.914513994,,,
14.422,6654.186,312.6327,-20.8587,1.542719,0.911465598,,,
14.472,6669.79,311.5947,-20.6626,1.528258,0.908439359,,,
14.522,6685.342,310.5672,-20.4371,1.509183,0.905443732,,,
14.572,6700.844,309.5512,-20.2017,1.488183,0.902481633,,,
14.622,6716.294,308.5458,-20.0154,1.473725,0.899550437,,,
14.672,6731.695,307.5477,-19.9075,1.470294,0.896640525,,,
14.722,6747.046,306.5531,-19.8781,1.478207,0.893740816,,,
14.772,6762.347,305.5594,-19.8683,1.489067,0.890843732,,,
14.822,6777.599,304.5672,-19.8192,1.494159,0.88795102,,,
14.872,6792.801,303.5789,-19.7114,1.490363,0.885069679,,,
14.922,6807.954,302.5973,-19.5545,1.47892,0.882207872,,,
14.972,6823.058,301.6225,-19.4368,1.47314,0.879365889,,,
15.022,6838.113,300.6524,-19.3681,1.474703,0.876537609,,,
15.072,6853.12,299.6852,-19.3191,1.479235,0.873717784,,,
15.122,6868.079,298.7205,-19.2701,1.483739,0.870905248,,,
15.172,6882.99,297.758,-19.2308,1.489768,0.868099125,,,
15.222,6897.852,296.7986,-19.1426,1.487972,0.865302041,,,
15.272,6912.667,295.8447,-19.0151,1.479709,0.862520991,,,
15.322,6927.434,294.8961,-18.9268,1.477535,0.859755394,,,
15.372,6942.153,293.952,-18.8386,1.475203,0.857002915,,,
15.422,6956.826,293.0115,-18.7797,1.477564,0.854260933,,,
15.472,6971.451,292.0731,-18.7601,1.486379,0.851525073,,,
15.522,6986.03,291.1368,-18.6915,1.487034,0.848795335,,,
15.572,7000.562,290.2044,-18.6032,1.484273,0.846076968,,,
15.622,7015.048,289.2764,-18.515,1.481345,0.843371429,,,
15.672,7029.487,288.3524,-18.4463,1.481617,0.840677551,,,
15.722,7043.88,287.4318,-18.3777,1.481782,0.837993586,,,
15.772,7058.227,286.5144,-18.3188,1.483551,0.83531895,,,
15.822,7072.529,285.5994,-18.2796,1.488694,0.832651312,,,
15.872,7086.784,284.6869,-18.2208,1.490346,0.829990962,,,
15.922,7100.994,283.7779,-18.1423,1.48841,0.827340816,,,
15.972,7115.159,282.8729,-18.054,1.484559,0.824702332,,,
16.022,7129.279,281.9722,-17.9756,1.482307,0.822076385,,,
16.072,7143.353,281.0751,-17.9069,1.481699,0.819460933,,,
16.122,7157.383,280.1818,-17.8285,1.479161,0.81685656,,,
16.172,7171.368,279.2916,-17.7795,1.481942,0.814261224,,,
16.222,7185.309,278.4033,-17.75,1.488349,0.811671429,,,
16.272,7199.206,277.5168,-17.7108,1.492916,0.80908688,,,
16.322,7213.058,276.6327,-17.652,1.493721,0.806509329,,,
16.372,7226.866,275.7514,-17.6029,1.496317,0.803939942,,,
16.422,7240.63,274.8727,-17.5441,1.496956,0.801378134,,,
16.472,7254.351,273.9972,-17.4755,1.495584,0.798825656,,,
16.522,7268.027,273.1261,-17.3676,1.486357,0.796286006,,,
16.572,7281.66,272.2609,-17.2401,1.472957,0.793763557,,,
16.622,7295.25,271.4016,-17.1322,1.463126,0.791258309,,,
16.672,7308.798,270.5475,-17.0342,1.454985,0.788768222,,,
16.722,7322.302,269.6975,-16.9655,1.452571,0.786290087,,,
16.772,7335.764,268.8502,-16.9263,1.456035,0.783819825,,,
16.822,7349.184,268.0036,-16.9361,1.469585,0.781351603,,,
16.872,7362.562,267.1558,-16.9753,1.489406,0.778879883,,,
16.922,7375.897,266.3075,-16.9557,1.497156,0.776406706,,,
16.972,7389.19,265.4625,-16.8478,1.486291,0.773943149,,,
17.022,7402.44,264.624,-16.6909,1.464675,0.771498542,,,
17.072,7415.649,263.7941,-16.5046,1.436243,0.769079009,,,
17.122,7428.817,262.973,-16.3379,1.411439,0.766685131,,,
17.172,7441.944,262.1591,-16.2202,1.396783,0.764312245,,,
17.222,7455.03,261.3493,-16.1712,1.396856,0.761951312,,,
17.272,7468.076,260.5405,-16.181,1.40987,0.759593294,,,
17.322,7481.081,259.7302,-16.23,1.431782,0.757230904,,,
17.372,7494.046,258.9185,-16.2398,1.445176,0.754864431,,,
17.422,7506.97,258.1067,-16.23,1.454273,0.752497668,,,
17.472,7519.854,257.2972,-16.1516,1.447757,0.750137609,,,
17.522,7532.697,256.4923,-16.0437,1.434255,0.747790962,,,
17.572,7545.5,255.6928,-15.9358,1.420414,0.745460058,,,
17.622,7558.263,254.899,-15.8181,1.403939,0.743145773,,,
17.672,7570.987,254.1108,-15.7103,1.389391,0.740847813,,,
17.722,7583.672,253.3275,-15.622,1.379153,0.73856414,,,
17.772,7596.317,252.5478,-15.5632,1.375686,0.736290962,,,
17.822,7608.923,251.7699,-15.5533,1.383893,0.734023032,,,
17.872,7621.491,250.9925,-15.5435,1.39216,0.73175656,,,
17.922,7634.02,250.2153,-15.5435,1.402888,0.729490671,,,
17.972,7646.51,249.4381,-15.5435,1.413719,0.727224781,,,
18.022,7658.961,248.6622,-15.4945,1.412465,0.724962682,,,
18.072,7671.373,247.8897,-15.4062,1.401272,0.722710496,,,
18.122,7683.747,247.1218,-15.3082,1.387319,0.72047172,,,
18.172,7696.082,246.3581,-15.2395,1.380517,0.71824519,,,
18.222,7708.379,245.5984,-15.1513,1.368484,0.716030321,,,
18.272,7720.639,244.8432,-15.0532,1.353624,0.713828571,,,
18.322,7732.861,244.0913,-15.0238,1.356288,0.711636443,,,
18.372,7745.045,243.3404,-15.014,1.364061,0.70944723,,,
18.422,7757.192,242.5897,-15.014,1.374479,0.707258601,,,
18.472,7769.301,241.839,-15.014,1.384997,0.705069971,,,
18.522,7781.373,241.0888,-14.9944,1.390354,0.702882799,,,
18.572,7793.407,240.34,-14.9551,1.390419,0.700699708,,,
18.622,7805.404,239.5945,-14.8669,1.377043,0.698526239,,,
18.672,7817.364,238.8531,-14.7884,1.366043,0.696364723,,,
18.722,7829.286,238.1149,-14.7394,1.362908,0.694212536,,,
18.772,7841.172,237.3799,-14.6609,1.351439,0.692069679,,,
18.822,7853.021,236.6486,-14.5923,1.342445,0.689937609,,,
18.872,7864.834,235.9199,-14.5531,1.341541,0.68781312,,,
18.922,7876.61,235.1928,-14.5335,1.346135,0.685693294,,,
18.972,7888.35,234.4666,-14.5138,1.350731,0.683576093,,,
19.022,7900.054,233.7414,-14.4942,1.355327,0.681461808,,,
19.072,7911.722,233.0174,-14.4648,1.357065,0.67935102,,,
19.122,7923.353,232.2949,-14.4354,1.358753,0.677244606,,,
19.172,7934.948,231.5741,-14.3962,1.357489,0.675143149,,,
19.222,7946.507,230.8555,-14.3471,1.353198,0.673048105,,,
19.272,7958.031,230.1399,-14.2785,1.34286,0.670961808,,,
19.322,7969.519,229.4277,-14.2098,1.332267,0.668885423,,,
19.372,7980.971,228.7184,-14.1608,1.327402,0.666817493,,,
19.422,7992.387,228.0114,-14.1216,1.325394,0.664756268,,,
19.472,8003.769,227.3065,-14.0725,1.320238,0.662701166,,,
19.522,8015.115,226.6046,-14.0039,1.308798,0.66065481,,,
19.572,8026.426,225.9054,-13.9647,1.306342,0.658616327,,,
19.622,8037.703,225.2074,-13.9549,1.313093,0.656581341,,,
19.672,8048.944,224.5096,-13.9549,1.323016,0.654546939,,,
19.722,8060.151,223.8119,-13.9549,1.333034,0.652512828,,,
19.772,8071.323,223.1137,-13.9745,1.349506,0.650477259,,,
19.822,8082.459,222.4145,-13.9941,1.366184,0.648438776,,,
19.872,8093.561,221.7155,-13.9647,1.366936,0.646400875,,,
19.922,8104.628,221.0185,-13.9156,1.361121,0.644368805,,,
19.972,8115.66,220.3249,-13.8274,1.342023,0.642346647,,,
20.022,8126.658,219.6362,-13.7195,1.315923,0.640338776,,,
20.072,8137.621,218.9527,-13.6214,1.292631,0.638346064,,,
20.122,8148.55,218.2738,-13.5332,1.272226,0.636366764,,,
20.172,8159.445,217.5982,-13.494,1.268289,0.634397085,,,
20.222,8170.307,216.924,-13.4743,1.271019,0.632431487,,,
20.272,8181.135,216.2505,-13.4645,1.277155,0.63046793,,,
20.322,8191.929,215.5765,-13.494,1.297135,0.628502915,,,
20.372,8202.689,214.9011,-13.5234,1.317383,0.626533819,,,
20.422,8213.416,214.2244,-13.543,1.334397,0.624560933,,,
20.472,8224.109,213.547,-13.5528,1.348096,0.622586006,,,
20.522,8234.768,212.8692,-13.5626,1.361954,0.620609913,,,
20.572,8245.393,212.1918,-13.5332,1.361628,0.618634985,,,
20.622,8255.984,211.5173,-13.4449,1.339539,0.616668513,,,
20.672,8266.542,210.8473,-13.3567,1.316998,0.61471516,,,
20.722,8277.066,210.1819,-13.2586,1.290335,0.612775219,,,
20.772,8287.557,209.5214,-13.1605,1.263152,0.610849563,,,
20.822,8298.015,208.8653,-13.0821,1.242895,0.608936735,,,
20.872,8308.441,208.212,-13.0527,1.240995,0.60703207,,,
20.922,8318.834,207.5593,-13.0527,1.250339,0.605129155,,,
20.972,8329.194,206.9067,-13.0527,1.259774,0.603226531,,,
21.022,8339.521,206.2531,-13.0919,1.284651,0.601320991,,,
21.072,8349.816,205.5975,-13.1311,1.309879,0.599409621,,,
21.122,8360.078,204.9402,-13.1605,1.331568,0.597493294,,,
21.172,8370.307,204.2817,-13.1801,1.349627,0.595573469,,,
21.222,8380.504,203.623,-13.1703,1.356051,0.593653061,,,
21.272,8390.667,202.9659,-13.1115,1.342574,0.591737318,,,
21.322,8400.797,202.3125,-13.0232,1.316741,0.589832362,,,
21.372,8410.895,201.6641,-12.9154,1.282302,0.587941983,,,
21.422,8420.961,201.0203,-12.8369,1.259451,0.586065015,,,
21.472,8430.994,200.3804,-12.7585,1.23615,0.584199417,,,
21.522,8440.996,199.7439,-12.6996,1.220677,0.582343732,,,
21.572,8450.966,199.1092,-12.6898,1.225745,0.580493294,,,
21.622,8460.904,198.4742,-12.7094,1.243445,0.578641983,,,
21.672,8470.81,197.8383,-12.729,1.261377,0.576788047,,,
21.722,8480.685,197.202,-12.7192,1.26674,0.574932945,,,
21.772,8490.528,196.5656,-12.7388,1.28503,0.573077551,,,
21.822,8500.338,195.9279,-12.7683,1.307894,0.571218367,,,
21.872,8510.117,195.2885,-12.8075,1.335444,0.569354227,,,
21.922,8519.864,194.6477,-12.8271,1.35459,0.567486006,,,
21.972,8529.579,194.0063,-12.8271,1.365121,0.565616035,,,
22.022,8539.262,193.3657,-12.7977,1.362347,0.563748397,,,
22.072,8548.913,192.7278,-12.7192,1.336927,0.56188863,,,
22.122,8558.532,192.0943,-12.6212,1.301921,0.560041691,,,
22.172,8568.119,191.4661,-12.5035,1.2571,0.558210204,,,
22.222,8577.675,190.8439,-12.3858,1.211459,0.55639621,,,
22.272,8587.201,190.2268,-12.2975,1.178925,0.554597085,,,
22.322,8596.695,189.6132,-12.2485,1.164511,0.552808163,,,
22.372,8606.159,189.0012,-12.2289,1.163945,0.551023907,,,
22.422,8615.592,188.3893,-12.2485,1.182316,0.549239942,,,
22.472,8624.995,187.7761,-12.2779,1.205721,0.547452187,,,
22.522,8634.367,187.1613,-12.3172,1.234281,0.545659767,,,
22.572,8643.708,186.5442,-12.3662,1.26812,0.543860641,,,
22.622,8653.018,185.9244,-12.425,1.307366,0.542053644,,,
22.672,8662.297,185.3022,-12.4643,1.337339,0.54023965,,,
22.722,8671.545,184.6787,-12.4741,1.352822,0.538421866,,,
22.772,8680.762,184.0557,-12.4446,1.348435,0.536605539,,,
22.822,8689.948,183.4345,-12.4054,1.338843,0.534794461,,,
22.872,8699.102,182.8157,-12.3466,1.318822,0.532990379,,,
22.922,8708.226,182.2001,-12.2779,1.293252,0.531195627,,,
22.972,8717.319,181.5886,-12.1799,1.251648,0.529412828,,,
23.022,8726.382,180.9818,-12.0916,1.214489,0.527643732,,,
23.072,8735.415,180.378,-12.0622,1.208174,0.525883382,,,
23.122,8744.417,179.7754,-12.0426,1.206989,0.524126531,,,
23.172,8753.389,179.1742,-12.0033,1.195045,0.522373761,,,
23.222,8762.331,178.5746,-11.9837,1.193598,0.520625656,,,
23.272,8771.243,177.9759,-11.9641,1.192065,0.518880175,,,
23.322,8780.126,177.3779,-11.9543,1.19591,0.517136735,,,
23.372,8788.978,176.7795,-11.9837,1.221786,0.515392128,,,
23.422,8797.801,176.1798,-12.0033,1.242488,0.513643732,,,
23.472,8806.593,175.5791,-12.023,1.26348,0.51189242,,,
23.522,8815.355,174.9777,-12.0328,1.279127,0.510139067,,,
23.572,8824.088,174.3758,-12.0426,1.294977,0.508384257,,,
23.622,8832.79,173.7737,-12.0426,1.305302,0.506628863,,,
23.672,8841.462,173.1718,-12.0328,1.309962,0.504874052,,,
23.722,8850.104,172.5704,-12.023,1.314633,0.5031207,,,
23.772,8858.716,171.9705,-11.9739,1.295845,0.50137172,,,
23.822,8867.298,171.3733,-11.9151,1.270748,0.499630612,,,
23.872,8875.85,170.779,-11.8562,1.24515,0.497897959,,,
23.922,8884.373,170.1872,-11.817,1.231062,0.496172595,,,
23.972,8892.866,169.5973,-11.7778,1.216667,0.49445277,,,
24.022,8901.33,169.0094,-11.7386,1.201962,0.492738776,,,
24.072,8909.764,168.4232,-11.7091,1.193095,0.491029738,,,
24.122,8918.169,167.8385,-11.6797,1.184013,0.489325073,,,
24.172,8926.545,167.255,-11.6601,1.180968,0.487623907,,,
24.222,8934.892,166.6727,-11.6307,1.171507,0.485926239,,,
24.272,8943.209,166.0917,-11.6111,1.168175,0.484232362,,,
24.322,8951.498,165.5111,-11.6111,1.177532,0.48253965,,,
24.372,8959.757,164.9301,-11.6307,1.199898,0.480845773,,,
24.422,8967.988,164.3478,-11.6601,1.229097,0.479148105,,,
24.472,8976.189,163.7648,-11.6601,1.239058,0.477448397,,,
24.522,8984.361,163.1816,-11.6699,1.255741,0.475748105,,,
24.572,8992.504,162.5976,-11.6895,1.279316,0.474045481,,,
24.622,9000.618,162.0126,-11.7091,1.303237,0.472339942,,,
24.672,9008.703,161.4274,-11.6993,1.307179,0.470633819,,,
24.722,9016.758,160.8434,-11.6601,1.290622,0.468931195,,,
24.772,9024.784,160.2609,-11.6405,1.28748,0.467232945,,,
24.822,9032.781,159.6791,-11.6307,1.291157,0.465536735,,,
24.872,9040.749,159.0983,-11.6013,1.280824,0.46384344,,,
24.922,9048.688,158.5195,-11.5522,1.256117,0.462155977,,,
24.972,9056.598,157.9433,-11.4934,1.223786,0.460476093,,,
25.022,9064.479,157.3696,-11.4542,1.205173,0.458803499,,,
25.072,9072.332,156.7974,-11.4346,1.200642,0.457135277,,,
25.122,9080.156,156.2264,-11.4051,1.188671,0.455470554,,,
25.172,9087.952,155.6567,-11.3855,1.183782,0.453809621,,,
25.222,9095.719,155.0884,-11.3463,1.163909,0.45215277,,,
25.272,9103.457,154.5218,-11.3169,1.151105,0.450500875,,,
25.322,9111.168,153.9559,-11.3169,1.160634,0.44885102,,,
25.372,9118.85,153.3901,-11.3169,1.17027,0.447201458,,,
25.422,9126.504,152.8243,-11.3169,1.180014,0.445551895,,,
25.472,9134.13,152.2584,-11.3169,1.189868,0.443902041,,,
25.522,9141.727,151.6921,-11.3365,1.215424,0.44225102,,,
25.572,9149.296,151.1245,-11.3659,1.249231,0.44059621,,,
25.622,9156.836,150.5557,-11.3855,1.275651,0.438937901,,,
25.672,9164.349,149.9862,-11.3953,1.294484,0.437277551,,,
25.722,9171.832,149.4164,-11.3953,1.305524,0.435616327,,,
25.772,9179.287,148.8474,-11.3659,1.292297,0.433957434,,,
25.822,9186.714,148.2796,-11.3463,1.286957,0.432302041,,,
25.872,9194.112,147.713,-11.3169,1.273176,0.430650146,,,
25.922,9201.482,147.1484,-11.2678,1.242388,0.429004082,,,
25.972,9208.824,146.5865,-11.209,1.202556,0.427365889,,,
26.022,9216.138,146.027,-11.1698,1.178906,0.425734694,,,
26.072,9223.424,145.4695,-11.1305,1.154762,0.424109329,,,
26.122,9230.682,144.9137,-11.1011,1.138751,0.422488921,,,
26.172,9237.912,144.3592,-11.0815,1.131092,0.420872303,,,
26.222,9245.115,143.8053,-11.0717,1.132012,0.419257434,,,
26.272,9252.29,143.2517,-11.0717,1.141741,0.41764344,,,
26.322,9259.437,142.6982,-11.0717,1.151585,0.416029738,,,
26.372,9266.557,142.1443,-11.0815,1.170553,0.414414869,,,
26.422,9273.649,141.5898,-11.1011,1.19889,0.412798251,,,
26.472,9280.713,141.0345,-11.1109,1.218517,0.4111793,,,
26.522,9287.749,140.4789,-11.1109,1.22919,0.409559475,,,
26.572,9294.758,139.9234,-11.1109,1.239992,0.407939942,,,
26.622,9301.738,139.3676,-11.1207,1.260334,0.406319534,,,
26.672,9308.691,138.8113,-11.1305,1.280984,0.404697668,,,
26.722,9315.617,138.255,-11.1207,1.282793,0.403075802,,,
26.772,9322.514,137.6995,-11.1011,1.274897,0.401456268,,,
26.822,9329.384,137.1447,-11.0913,1.276529,0.399838776,,,
26.872,9336.226,136.5903,-11.0815,1.278114,0.398222449,,,
26.922,9343.04,136.0367,-11.0619,1.269733,0.396608455,,,
26.972,9349.826,135.4841,-11.0423,1.261117,0.394997376,,,
27.022,9356.585,134.933,-11.0031,1.232055,0.393390671,,,
27.072,9363.317,134.3838,-10.9638,1.202371,0.391789504,,,
27.122,9370.021,133.8369,-10.9148,1.16177,0.390195044,,,
27.172,9376.697,133.2921,-10.8756,1.130712,0.388606706,,,
27.222,9383.347,132.7488,-10.856,1.119944,0.387022741,,,
27.272,9389.969,132.206,-10.856,1.13004,0.385440233,,,
27.322,9396.564,131.6632,-10.856,1.140261,0.383857726,,,
27.372,9403.133,131.1209,-10.8363,1.129095,0.382276676,,,
27.422,9409.674,130.5796,-10.8167,1.11765,0.380698542,,,
27.472,9416.187,130.039,-10.8069,1.116876,0.379122449,,,
27.522,9422.674,129.4987,-10.8069,1.127076,0.37754723,,,
27.572,9429.134,128.9583,-10.8069,1.137405,0.37597172,,,
27.622,9435.567,128.4177,-10.8167,1.159123,0.374395627,,,
27.672,9441.973,127.8766,-10.8265,1.181192,0.372818076,,,
27.722,9448.352,127.3353,-10.8265,1.19215,0.371239942,,,
27.772,9454.704,126.794,-10.8265,1.203251,0.369661808,,,
27.822,9461.028,126.2524,-10.8363,1.226177,0.368082799,,,
27.872,9467.326,125.7096,-10.8756,1.284856,0.366500292,,,
27.922,9473.596,125.1653,-10.8952,1.320808,0.364913411,,,
27.972,9479.839,124.6206,-10.8952,1.333359,0.363325364,,,
28.022,9486.055,124.0761,-10.8854,1.333946,0.361737901,,,
28.072,9492.244,123.5325,-10.856,1.309963,0.360153061,,,
28.122,9498.405,122.99,-10.8462,1.310143,0.358571429,,,
28.172,9504.54,122.4479,-10.8363,1.310246,0.356990962,,,
28.222,9510.647,121.9066,-10.8167,1.297661,0.355412828,,,
28.272,9516.728,121.3662,-10.7971,1.284737,0.353837318,,,
28.322,9522.781,120.8274,-10.7579,1.245775,0.352266472,,,
28.372,9528.807,120.2905,-10.7187,1.205943,0.350701166,,,
28.422,9534.807,119.7553,-10.6892,1.178328,0.349140816,,,
28.472,9540.78,119.2218,-10.65,1.136855,0.347585423,,,
28.522,9546.726,118.6905,-10.601,1.081121,0.346036443,,,
28.572,9552.646,118.1612,-10.5716,1.05116,0.344493294,,,
28.622,9558.539,117.6333,-10.5421,1.02053,0.342954227,,,
28.672,9564.406,117.1072,-10.5029,0.975474,0.341420408,,,
28.722,9570.247,116.5823,-10.4931,0.971084,0.339890087,,,
28.772,9576.062,116.0574,-10.5029,0.994564,0.338359767,,,
28.822,9581.85,115.532,-10.5127,1.018461,0.336827988,,,
28.872,9587.612,115.0059,-10.5323,1.057066,0.335294169,,,
28.922,9593.347,114.4788,-10.552,1.096395,0.333757434,,,
28.972,9599.057,113.9509,-10.5618,1.121891,0.332218367,,,
29.022,9604.74,113.4224,-10.5814,1.16256,0.330677551,,,
29.072,9610.396,112.8923,-10.6206,1.23374,0.32913207,,,
29.122,9616.026,112.361,-10.6304,1.261276,0.32758309,,,
29.172,9621.629,111.829,-10.65,1.304481,0.32603207,,,
29.222,9627.206,111.2958,-10.6794,1.363848,0.324477551,,,
29.272,9632.755,110.7608,-10.7187,1.439885,0.322917784,,,
29.322,9638.279,110.2247,-10.7285,1.470516,0.32135481,,,
29.372,9643.775,109.6882,-10.7285,1.485895,0.319790671,,,
29.422,9649.244,109.1518,-10.7285,1.501501,0.318226822,,,
29.472,9654.687,108.6161,-10.6991,1.468893,0.316665015,,,
29.522,9660.103,108.0819,-10.6696,1.435461,0.31510758,,,
29.572,9665.492,107.5497,-10.6206,1.3682,0.313555977,,,
29.622,9670.855,107.0198,-10.5716,1.29936,0.312011079,,,
29.672,9676.191,106.492,-10.5421,1.262595,0.310472303,,,
29.722,9681.501,105.9661,-10.4931,1.190891,0.308939067,,,
29.772,9686.785,105.4422,-10.4637,1.151924,0.307411662,,,
29.822,9692.042,104.9202,-10.4147,1.077257,0.305889796,,,
29.872,9697.273,104.4007,-10.3656,1.000878,0.304375219,,,
29.922,9702.479,103.8834,-10.3264,0.940509,0.302867055,,,
29.972,9707.659,103.3679,-10.297,0.89669,0.30136414,,,
30.022,9712.813,102.8535,-10.2774,0.869983,0.299864431,,,
30.072,9717.941,102.3401,-10.2578,0.842628,0.298367638,,,
30.122,9723.044,101.827,-10.2676,0.870167,0.29687172,,,
30.172,9728.121,101.3138,-10.2578,0.860816,0.29537551,,,
30.222,9733.172,100.801,-10.2578,0.870115,0.293880466,,,
30.272,9738.198,100.2878,-10.2676,0.898682,0.292384257,,,
30.322,9743.198,99.774,-10.2872,0.947157,0.290886297,,,
30.372,9748.172,99.2589,-10.3166,1.0162,0.289384548,,,
30.422,9753.12,98.7423,-10.346,1.086732,0.287878426,,,
30.472,9758.043,98.2245,-10.3656,1.138816,0.286368805,,,
30.522,9762.94,97.706,-10.3754,1.171803,0.284857143,,,
30.572,9767.811,97.1862,-10.4147,1.266776,0.283341691,,,
30.622,9772.655,96.6648,-10.4441,1.343206,0.281821574,,,
30.672,9777.474,96.1418,-10.4735,1.421332,0.280296793,,,
30.722,9782.266,95.6172,-10.5127,1.52236,0.278767347,,,
30.772,9787.033,95.0905,-10.552,1.625693,0.277231778,,,
30.822,9791.772,94.5625,-10.5716,1.688102,0.27569242,,,
30.872,9796.486,94.0336,-10.5814,1.729988,0.274150437,,,
30.922,9801.173,93.5046,-10.5814,1.750586,0.272608163,,,
30.972,9805.833,92.976,-10.5618,1.726672,0.271067055,,,
31.022,9810.467,92.4484,-10.5421,1.702002,0.269528863,,,
31.072,9815.075,91.922,-10.5127,1.653584,0.267994169,,,
31.122,9819.656,91.3974,-10.4735,1.580549,0.266464723,,,
31.172,9824.212,90.8747,-10.4343,1.505544,0.264940816,,,
31.222,9828.741,90.3542,-10.3852,1.404709,0.263423324,,,
31.272,9833.244,89.8361,-10.3362,1.301225,0.261912828,,,
31.322,9837.721,89.3206,-10.2872,1.195041,0.260409913,,,
31.372,9842.173,88.8074,-10.2381,1.086104,0.258913703,,,
31.422,9846.599,88.2963,-10.2087,1.024337,0.257423615,,,
31.472,9851,87.787,-10.1597,0.910353,0.255938776,,,
31.522,9855.375,87.28,-10.1205,0.819051,0.254460641,,,
31.572,9859.725,86.7745,-10.1008,0.777231,0.25298688,,,
31.622,9864.049,86.2695,-10.1008,0.786758,0.251514577,,,
31.672,9868.348,85.7649,-10.0812,0.743348,0.25004344,,,
31.722,9872.623,85.2613,-10.0616,0.698784,0.248575219,,,
31.772,9876.872,84.7583,-10.0616,0.707457,0.247108746,,,
31.822,9881.095,84.2557,-10.042,0.66118,0.24564344,,,
31.872,9885.294,83.7536,-10.042,0.669462,0.244179592,,,
31.922,9889.468,83.2512,-10.0518,0.706141,0.242714869,,,
31.972,9893.616,82.7489,-10.042,0.686489,0.241250437,,,
32.022,9897.74,82.2468,-10.042,0.695233,0.239786589,,,
32.072,9901.838,81.7442,-10.0616,0.762827,0.238321283,,,
32.122,9905.911,81.2406,-10.0812,0.832117,0.236853061,,,
32.172,9909.959,80.7361,-10.1008,0.903162,0.235382216,,,
32.222,9913.981,80.23,-10.1401,1.03703,0.233906706,,,
32.272,9917.979,79.7221,-10.1793,1.174403,0.232425948,,,
32.322,9921.951,79.2124,-10.2087,1.284078,0.230939942,,,
32.372,9925.897,78.7012,-10.2381,1.396642,0.229449563,,,
32.422,9929.818,78.1885,-10.2676,1.512192,0.22795481,,,
32.472,9933.713,77.6747,-10.2872,1.598201,0.226456851,,,
32.522,9937.582,77.1598,-10.3068,1.686474,0.224955685,,,
32.572,9941.426,76.6438,-10.3362,1.810625,0.223451312,,,
32.622,9945.243,76.1267,-10.346,1.870128,0.221943732,,,
32.672,9949.035,75.6094,-10.346,1.896651,0.220435569,,,
32.722,9952.801,75.0923,-10.3362,1.888739,0.218927988,,,
32.772,9956.541,74.5763,-10.3068,1.809379,0.217423615,,,
32.822,9960.256,74.0612,-10.297,1.799444,0.215921866,,,
32.872,9963.944,73.5461,-10.3068,1.862044,0.214420117,,,
32.922,9967.607,73.0315,-10.2774,1.778063,0.212919825,,,
32.972,9971.245,72.5181,-10.2578,1.728929,0.211423032,,,
33.022,9974.856,72.0055,-10.2479,1.716237,0.209928571,,,
33.072,9978.442,71.4935,-10.2283,1.664235,0.20843586,,,
33.122,9982.002,70.9831,-10.1891,1.53185,0.206947813,,,
33.172,9985.537,70.4746,-10.1499,1.395223,0.205465306,,,
33.222,9989.047,69.9679,-10.1205,1.294712,0.203988047,,,
33.272,9992.531,69.4623,-10.1008,1.232029,0.202513994,,,
33.322,9995.99,68.9578,-10.0812,1.167258,0.201043149,,,
33.372,9999.424,68.4545,-10.0518,1.058004,0.199575802,,,
33.422,10000,67.9524,-10.0322,0.987868,0.198111953,,,
33.472,10000,67.451,-10.0224,0.959017,0.196650146,,,
33.522,10000,66.9504,-10.0028,0.88492,0.195190671,,,
33.572,10000,66.4507,-9.9832,0.80845,0.193733819,,,
33.622,10000,65.9523,-9.9537,0.68393,0.192280758,,,
33.672,10000,65.4553,-9.9243,0.555484,0.190831778,,,
33.722,10000,64.9596,-9.9047,0.469995,0.189386589,,,
33.772,10000,64.4644,-9.9047,0.477244,0.187942857,,,
33.822,10000,63.9687,-9.9243,0.581604,0.186497668,,,
33.872,10000,63.4727,-9.9145,0.541506,0.185051603,,,
33.922,10000,62.9772,-9.9047,0.50005,0.183606997,,,
33.972,10000,62.482,-9.9047,0.508008,0.182163265,,,
34.022,10000,61.987,-9.8949,0.464539,0.180720117,,,
34.072,10000,61.492,-9.9047,0.524497,0.179276968,,,
34.122,10100,60.9965,-9.9145,0.593302,0.177832362,,,
34.172,10100,60.5005,-9.9243,0.657889,0.176386297,,,
34.222,10100,60.0043,-9.9243,0.668815,0.17493965,,,
34.272,10100,59.5079,-9.9341,0.736689,0.17349242,,,
34.322,10100,59.0111,-9.9341,0.749143,0.172044023,,,
34.372,10100,58.5142,-9.9439,0.820537,0.170595335,,,
34.422,10100,58.0163,-9.9734,1.013535,0.169143732,,,
34.472,10100,57.5171,-9.993,1.152527,0.167688338,,,
34.522,10100,57.0172,-10.0028,1.234547,0.166230904,,,
34.572,10100,56.5168,-10.0126,1.319336,0.164772012,,,
34.622,10100,56.0155,-10.042,1.534923,0.163310496,,,
34.672,10100,55.5131,-10.0518,1.62794,0.161845773,,,
34.722,10100,55.0105,-10.0518,1.657822,0.160380466,,,
34.772,10100,54.5074,-10.0714,1.82365,0.158913703,,,
34.822,10100,54.0036,-10.0812,1.926645,0.157444898,,,
34.872,10100,53.4993,-10.091,2.033258,0.155974636,,,
34.922,10100,52.9945,-10.1008,2.143625,0.154502915,,,
34.972,10100,52.4892,-10.1107,2.257938,0.153029738,,,
35.022,10100,51.9835,-10.1205,2.376343,0.151555394,,,
35.072,10100,51.4774,-10.1205,2.423292,0.150079883,,,
35.122,10100,50.9712,-10.1303,2.548916,0.148604082,,,
35.172,10100,50.4644,-10.1401,2.679164,0.147126531,,,
35.222,10100,49.9576,-10.1303,2.653388,0.14564898,,,
35.272,10100,49.4514,-10.1205,2.625927,0.144173178,,,
35.322,10100,48.9454,-10.1205,2.680504,0.142697959,,,
35.372,10100,48.4396,-10.1107,2.651258,0.141223324,,,
35.422,10100,47.9345,-10.091,2.532748,0.139750729,,,
35.472,10100,47.4305,-10.0714,2.408454,0.138281341,,,
35.522,10100,46.9271,-10.0616,2.369279,0.136813703,,,
35.572,10100,46.4243,-10.0518,2.327762,0.135347813,,,
35.622,10100,45.9222,-10.0322,2.188627,0.133883965,,,
35.672,10100,45.4213,-10.0028,1.945359,0.132423615,,,
35.722,10100,44.9222,-9.9636,1.591074,0.130968513,,,
35.772,10100,44.4245,-9.9439,1.42356,0.129517493,,,
35.822,10100,43.928,-9.9145,1.143938,0.128069971,,,
35.872,10100,43.4325,-9.9047,1.063797,0.126625364,,,
35.922,10100,42.938,-9.8753,0.761909,0.125183673,,,
35.972,10100,42.4448,-9.8557,0.556943,0.123745773,,,
36.022,10200,41.9525,-9.8361,0.346103,0.122310496,,,
36.072,10200,41.4612,-9.8165,0.118118,0.120878134,,,
36.122,10200,40.9711,-9.787,0,0.119449271,,,
36.172,10200,40.4817,-9.787,0,0.118022449,,,
36.222,10200,39.9929,-9.7674,0,0.116597376,,,
36.272,10200,39.505,-9.7478,0,0.115174927,,,
36.322,10200,39.0181,-9.7282,0,0.113755394,,,
36.372,10200,38.5319,-9.7184,0,0.112337901,,,
36.422,10200,38.0462,-9.7086,0,0.110921866,,,
36.472,10200,37.5608,-9.7086,0,0.109506706,,,
36.522,10200,37.0754,-9.7086,0,0.108091545,,,
36.572,10200,36.5902,-9.6988,0,0.106676968,,,
36.622,10200,36.1055,-9.689,0,0.105263848,,,
36.672,10200,35.6211,-9.689,0,0.103851603,,,
36.722,10200,35.1369,-9.6792,0,0.102439942,,,
36.772,10200,34.6529,-9.6792,0,0.101028863,,,
36.822,10200,34.1687,-9.689,0,0.099617201,,,
36.872,10200,33.6842,-9.689,0,0.098204665,,,
36.922,10200,33.1998,-9.689,0,0.09679242,,,
36.972,10200,32.7151,-9.6988,0,0.0953793,,,
37.022,10200,32.2299,-9.7086,0,0.093964723,,,
37.072,10200,31.7442,-9.7184,0,0.092548688,,,
37.122,10200,31.2581,-9.7282,0,0.091131487,,,
37.172,10200,30.7714,-9.738,0,0.089712536,,,
37.222,10200,30.2843,-9.7478,0,0.08829242,,,
37.272,10200,29.7966,-9.7576,0,0.086870554,,,
37.322,10200,29.3085,-9.7674,0,0.085447522,,,
37.372,10200,28.8197,-9.787,0,0.084022449,,,
37.422,10200,28.3298,-9.8066,0,0.082594169,,,
37.472,10200,27.8392,-9.8165,0.26199,0.081163848,,,
37.522,10200,27.3482,-9.8263,0.542966,0.079732362,,,
37.572,10200,26.8564,-9.8459,1.126067,0.078298542,,,
37.622,10200,26.3638,-9.8557,1.460669,0.076862391,,,
37.672,10200,25.8706,-9.8753,2.123662,0.07542449,,,
37.722,10200,25.3765,-9.8851,2.522458,0.073983965,,,
37.772,10200,24.8818,-9.9047,3.279709,0.072541691,,,
37.822,10200,24.3861,-9.9243,4.097287,0.071096501,,,
37.872,10200,23.8899,-9.9243,4.269264,0.069649854,,,
37.922,10200,23.3934,-9.9341,4.823427,0.068202332,,,
37.972,10200,22.8964,-9.9439,5.42243,0.066753353,,,
38.022,10200,22.3992,-9.9439,5.665826,0.06530379,,,
38.072,10200,21.9018,-9.9537,6.349367,0.063853644,,,
38.122,10200,21.4041,-9.9537,0,0.062402624,,,
38.172,10200,20.9062,-9.9636,0,0.06095102,,,
38.222,10200,20.408,-9.9636,0,0.059498542,,,
38.272,10200,19.9098,-9.9636,0,0.058046064,,,
38.322,10200,19.4119,-9.9537,0,0.056594461,,,
38.372,10200,18.9142,-9.9537,0,0.05514344,,,
38.422,10200,18.4165,-9.9537,0,0.05369242,,,
38.472,10200,17.9188,-9.9537,0,0.052241399,,,
38.522,10200,17.4214,-9.9439,0,0.050791254,,,
38.572,10200,16.9244,-9.9341,0,0.049342274,,,
38.622,10200,16.4277,-9.9341,0,0.047894169,,,
38.672,10200,15.9313,-9.9243,0,0.046446939,,,
38.722,10200,15.4353,-9.9145,0,0.045000875,,,
38.772,10200,14.9398,-9.9047,0,0.043556268,,,
38.822,10200,14.4446,-9.9047,0,0.042112536,,,
38.872,10200,13.9496,-9.8949,0,0.040669388,,,
38.922,10200,13.4551,-9.8851,0,0.039227697,,,
38.972,10200,12.9613,-9.8655,0,0.037788047,,,
39.022,10200,12.4683,-9.8557,0,0.036350729,,,
39.072,10200,11.976,-9.8361,0,0.034915452,,,
39.122,10200,11.4844,-9.8263,0,0.033482216,,,
39.172,10200,10.9934,-9.8165,0,0.032050729,,,
39.222,10200,10.503,-9.7968,0,0.030620991,,,
39.272,10200,10.0134,-9.787,0,0.029193586,,,
39.322,10200,9.5243,-9.7772,0,0.027767638,,,
39.372,10200,9.036,-9.7576,0,0.026344023,,,
39.422,10200,8.5483,-9.7478,0,0.024922157,,,
39.472,10200,8.0614,-9.7282,0,0.023502624,,,
39.522,10200,7.5753,-9.7184,0,0.022085423,,,
39.572,10200,7.0898,-9.6988,0,0.020669971,,,
39.622,10200,6.6051,-9.689,0,0.019256851,,,
39.672,10200,6.1209,-9.6792,0,0.01784519,,,
39.722,10200,5.6372,-9.6694,0,0.016434985,,,
39.772,10200,5.154,-9.6596,0,0.015026239,,,
39.822,10200,4.6713,-9.6497,0,0.01361895,,,
39.872,10200,4.189,-9.6399,0,0.012212828,,,
39.922,10200,3.7073,-9.6301,0,0.010808455,,,
39.972,10200,3.2258,-9.6301,0,0.009404665,,,
40.022,10200,2.7445,-9.6203,0,0.008001458,,,
40.072,10200,2.2637,-9.6105,0,0.006599708,,,
40.122,10200,1.7832,-9.6105,0,0.005198834,,,
40.172,10200,1.3029,-9.6007,0,0.003798542,,,
40.222,10200,0.8229,-9.6007,0,0.002399125,,,
40.272,10200,0.3429,-9.6007,0,0.000999708,,,
40.322,10200,-0.1372,-9.6007,0,-0.0004,,,
40.372,10200,-0.6177,-9.6203,0,-0.001800875,,,
40.44,10200,-1.2669,-9.4732,0,-0.003693586,,,
40.51,10200,-1.9249,-9.3261,0,-0.005611953,,,
40.581,10200,-2.5821,-9.1888,0,-0.007527988,,,
40.653,10200,-3.2388,-9.0515,0,-0.009442566,,,
40.728,10200,-3.9121,-8.9044,0,-0.011405539,,,
40.803,10200,-4.5748,-8.7671,0,-0.013337609,,,
40.88,10200,-5.245,-8.6397,0,-0.015291545,,,
40.959,10200,-5.9233,-8.5318,0,-0.017269096,,,
41.04,10200,-6.6092,-8.4043,0,-0.019268805,,,
41.123,10200,-7.3018,-8.2866,0,-0.021288047,,,
41.209,10200,-8.0099,-8.1787,0,-0.023352478,,,
41.297,10200,-8.7248,-8.0709,0,-0.025436735,,,
41.387,10200,-9.4459,-7.9532,0,-0.027539067,,,
41.479,10200,-10.1717,-7.8257,0,-0.029655102,,,
41.573,10200,-10.9018,-7.708,0,-0.031783673,,,
41.669,10200,-11.6362,-7.5903,0,-0.033924781,,,
41.767,10200,-12.3747,-7.4825,0,-0.036077843,,,
41.867,10200,-13.1181,-7.3844,0,-0.03824519,,,
41.97,10200,-13.8716,-7.2471,0,-0.040441983,,,
42.074,10200,-14.6182,-7.1098,0,-0.042618659,,,
42.18,10200,-15.3661,-7.0019,0,-0.044799125,,,
42.288,10200,-16.1149,-6.8647,0,-0.046982216,,,
42.398,10200,-16.8651,-6.7764,0,-0.049169388,,,
42.511,10200,-17.6253,-6.6783,0,-0.051385714,,,
42.626,10200,-18.3871,-6.5705,0,-0.053606706,,,
42.745,10200,-19.162,-6.4528,0,-0.055865889,,,
42.866,10200,-19.9339,-6.3057,0,-0.058116327,,,
42.989,10200,-20.701,-6.1684,0,-0.06035277,,,
43.114,10200,-21.466,-6.0703,0,-0.06258309,,,
43.243,10200,-22.2389,-5.9134,0,-0.064836443,,,
43.375,10200,-23.0098,-5.7663,0,-0.067083965,,,
43.509,10200,-23.7739,-5.6388,0,-0.069311662,,,
43.647,10200,-24.5433,-5.5113,0,-0.07155481,,,
43.788,10200,-25.3079,-5.3348,0,-0.073783965,,,
43.933,10200,-26.0687,-5.1583,0,-0.076002041,,,
44.08,10200,-26.8183,-5.0406,0,-0.078187464,,,
44.233,10200,-27.5753,-4.8543,0,-0.080394461,,,
44.389,10200,-28.3165,-4.6484,0,-0.082555394,,,
44.548,10200,-29.0439,-4.5013,0,-0.084676093,,,
44.712,10200,-29.766,-4.3051,0,-0.086781341,,,
44.88,10200,-30.4761,-4.1482,0,-0.088851603,,,
45.054,10200,-31.1876,-4.0305,0,-0.090925948,,,
45.236,10100,-31.906,-3.8638,0,-0.093020408,,,
45.425,10100,-32.6214,-3.7069,0,-0.095106122,,,
45.623,10100,-33.3408,-3.5598,0,-0.097203499,,,
45.831,10100,-34.0609,-3.3637,0,-0.099302915,,,
46.049,10100,-34.7717,-3.1577,0,-0.101375219,,,
46.278,10100,-35.469,-2.9322,0,-0.103408163,,,
46.517,10100,-36.1429,-2.7066,0,-0.105372886,,,
46.768,10100,-36.7915,-2.4615,0,-0.107263848,,,
47.028,10100,-37.4021,-2.2359,0,-0.109044023,,,
47.299,10100,-37.9841,-2.0594,0,-0.110740816,,,
47.588,10100,-38.5552,-1.8927,0,-0.112405831,,,
47.902,10100,-39.1187,-1.6966,0,-0.114048688,,,
48.239,10000,-39.6541,-1.4808,0,-0.115609621,,,
48.596,10000,-40.1582,-1.3435,0,-0.1170793,,,
49.004,10000,-40.6684,-1.1572,0,-0.118566764,,,
49.472,9983.006,-41.1641,-0.9611,0,-0.120011953,,,
49.972,9961.918,-41.5955,-0.7649,0,-0.121269679,,,
50.472,9940.615,-41.929,-0.5688,0,-0.122241983,,,
50.972,9919.145,-42.1889,-0.4707,0,-0.122999708,,,
51.472,9897.547,-42.3948,-0.353,0,-0.1236,,,
51.972,9875.847,-42.5492,-0.2648,0,-0.124050146,,,
52.472,9854.069,-42.6645,-0.1961,0,-0.124386297,,,
52.972,9832.233,-42.7429,-0.1177,0,-0.124614869,,,
53.472,9810.357,-42.792,-0.0785,0,-0.124758017,,,
53.972,9788.455,-42.8238,-0.049,0,-0.124850729,,,
54.472,9766.536,-42.8385,-0.0098,0,-0.124893586,,,
54.972,9744.609,-42.8361,0.0196,0,-0.124886589,,,
55.472,9722.684,-42.8214,0.0392,0,-0.124843732,,,
55.972,9700.767,-42.7993,0.049,0,-0.1247793,,,
56.472,9678.861,-42.7723,0.0588,0,-0.124700583,,,
56.972,9656.969,-42.7405,0.0686,0,-0.124607872,,,
57.472,9635.093,-42.7012,0.0883,0,-0.124493294,,,
57.972,9613.237,-42.6571,0.0883,0,-0.124364723,,,
58.472,9591.403,-42.613,0.0883,0,-0.124236152,,,
58.972,9569.591,-42.5664,0.0981,0,-0.124100292,,,
59.472,9547.802,-42.5174,0.0981,0,-0.123957434,,,
59.972,9526.038,-42.4683,0.0981,0,-0.123814286,,,
60.472,9504.299,-42.4169,0.1079,0,-0.123664431,,,
60.972,9482.586,-42.3629,0.1079,0,-0.123506997,,,
61.472,9460.899,-42.309,0.1079,0,-0.123349854,,,
61.972,9439.238,-42.255,0.1079,0,-0.12319242,,,
62.472,9417.606,-42.1987,0.1177,0,-0.12302828,,,
62.972,9396.001,-42.1398,0.1177,0,-0.12285656,,,
63.472,9374.426,-42.081,0.1177,0,-0.122685131,,,
63.972,9352.879,-42.0221,0.1177,0,-0.122513411,,,
64.472,9331.36,-41.9633,0.1177,0,-0.122341983,,,
64.972,9309.869,-41.9045,0.1177,0,-0.122170554,,,
65.472,9288.407,-41.8456,0.1177,0,-0.121998834,,,
65.972,9266.973,-41.7868,0.1177,0,-0.121827405,,,
66.472,9245.568,-41.7279,0.1177,0,-0.121655685,,,
66.972,9224.19,-41.6715,0.1079,0,-0.121491254,,,
67.472,9202.841,-41.6176,0.1079,0,-0.121334111,,,
67.972,9181.519,-41.5637,0.1079,0,-0.121176968,,,
68.472,9160.226,-41.5097,0.1079,0,-0.121019534,,,
68.972,9138.96,-41.4558,0.1079,0,-0.120862391,,,
69.472,9117.722,-41.4019,0.1079,0,-0.120705248,,,
69.972,9096.511,-41.3479,0.1079,0,-0.120547813,,,
70.472,9075.327,-41.294,0.1079,0,-0.120390671,,,
70.972,9054.17,-41.2401,0.1079,0,-0.120233528,,,
71.472,9033.04,-41.1861,0.1079,0,-0.120076093,,,
71.972,9011.937,-41.1322,0.1079,0,-0.11991895,,,
72.472,8990.86,-41.0782,0.1079,0,-0.119761516,,,
72.972,8969.809,-41.0243,0.1079,0,-0.119604373,,,
73.472,8948.786,-40.9704,0.1079,0,-0.11944723,,,
73.972,8927.789,-40.9164,0.1079,0,-0.119289796,,,
74.472,8906.819,-40.8625,0.1079,0,-0.119132653,,,
74.972,8885.876,-40.8086,0.1079,0,-0.11897551,,,
75.472,8864.96,-40.7546,0.1079,0,-0.118818076,,,
75.972,8844.07,-40.7007,0.1079,0,-0.118660933,,,
76.472,8823.207,-40.6468,0.1079,0,-0.11850379,,,
76.972,8802.371,-40.5928,0.1079,0,-0.118346356,,,
77.472,8781.562,-40.5389,0.1079,0,-0.118189213,,,
77.972,8760.779,-40.4849,0.1079,0,-0.118031778,,,
78.472,8740.022,-40.431,0.1079,0,-0.117874636,,,
78.972,8719.291,-40.3771,0.1079,0,-0.117717493,,,
79.472,8698.587,-40.3231,0.1079,0,-0.117560058,,,
79.972,8677.908,-40.2692,0.1079,0,-0.117402915,,,
80.472,8657.256,-40.2177,0.0981,0,-0.11725277,,,
80.972,8636.629,-40.1687,0.0981,0,-0.117109913,,,
81.472,8616.027,-40.1196,0.0981,0,-0.116966764,,,
81.972,8595.451,-40.0706,0.0981,0,-0.116823907,,,
82.472,8574.9,-40.0216,0.0981,0,-0.11668105,,,
82.972,8554.374,-39.9725,0.0981,0,-0.116537901,,,
83.472,8533.872,-39.9235,0.0981,0,-0.116395044,,,
83.972,8513.396,-39.8745,0.0981,0,-0.116252187,,,
84.472,8492.944,-39.8254,0.0981,0,-0.116109038,,,
84.972,8472.516,-39.7764,0.0981,0,-0.115966181,,,
85.472,8452.113,-39.7274,0.0981,0,-0.115823324,,,
85.972,8431.735,-39.6783,0.0981,0,-0.115680175,,,
86.472,8411.382,-39.6293,0.0981,0,-0.115537318,,,
86.972,8391.054,-39.5803,0.0981,0,-0.115394461,,,
87.472,8370.751,-39.5312,0.0981,0,-0.115251312,,,
87.972,8350.473,-39.4822,0.0981,0,-0.115108455,,,
88.472,8330.22,-39.4332,0.0981,0,-0.114965598,,,
88.972,8309.991,-39.3841,0.0981,0,-0.114822449,,,
89.472,8289.788,-39.3351,0.0981,0,-0.114679592,,,
89.972,8269.609,-39.2861,0.0981,0,-0.114536735,,,
90.472,8249.455,-39.237,0.0981,0,-0.114393586,,,
90.972,8229.326,-39.188,0.0981,0,-0.114250729,,,
91.472,8209.221,-39.139,0.0981,0,-0.114107872,,,
91.972,8189.139,-39.0899,0.0981,0,-0.113964723,,,
92.472,8169.082,-39.0409,0.0981,0,-0.113821866,,,
92.972,8149.048,-38.9919,0.0981,0,-0.113679009,,,
93.472,8129.039,-38.9453,0.0883,0,-0.113543149,,,
93.972,8109.053,-38.8987,0.0981,0,-0.113407289,,,
94.472,8089.091,-38.8521,0.0883,0,-0.113271429,,,
94.972,8069.151,-38.808,0.0883,0,-0.113142857,,,
95.472,8049.235,-38.7614,0.0981,0,-0.113006997,,,
95.972,8029.342,-38.7148,0.0883,0,-0.112871137,,,
96.472,8009.472,-38.6707,0.0883,0,-0.112742566,,,
96.972,7989.625,-38.6266,0.0883,0,-0.112613994,,,
97.472,7969.801,-38.5825,0.0883,0,-0.112485423,,,
97.972,7949.999,-38.5383,0.0883,0,-0.11235656,,,
98.472,7930.221,-38.4942,0.0883,0,-0.112227988,,,
98.972,7910.465,-38.4501,0.0883,0,-0.112099417,,,
99.472,7890.733,-38.4059,0.0883,0,-0.111970554,,,
99.972,7871.023,-38.3618,0.0883,0,-0.111841983,,,
100.472,7851.338,-38.3152,0.0981,0,-0.111706122,,,
100.972,7831.675,-38.2686,0.0883,0,-0.111570262,,,
101.472,7812.036,-38.2245,0.0883,0,-0.111441691,,,
101.972,7792.419,-38.1804,0.0883,0,-0.11131312,,,
102.472,7772.825,-38.1363,0.0883,0,-0.111184548,,,
102.972,7753.254,-38.0921,0.0883,0,-0.111055685,,,
103.472,7733.705,-38.048,0.0883,0,-0.110927114,,,
103.972,7714.18,-38.0039,0.0883,0,-0.110798542,,,
104.472,7694.676,-37.9597,0.0883,0,-0.110669679,,,
104.972,7675.195,-37.9156,0.0883,0,-0.110541108,,,
105.472,7655.736,-37.8715,0.0883,0,-0.110412536,,,
105.972,7636.299,-37.8273,0.0883,0,-0.110283673,,,
106.472,7616.884,-37.7832,0.0883,0,-0.110155102,,,
106.972,7597.49,-37.7391,0.0883,0,-0.110026531,,,
107.472,7578.119,-37.695,0.0883,0,-0.109897959,,,
107.972,7558.769,-37.6508,0.0883,0,-0.109769096,,,
108.472,7539.441,-37.6067,0.0883,0,-0.109640525,,,
108.972,7520.134,-37.5626,0.0883,0,-0.109511953,,,
109.472,7500.848,-37.5209,0.0785,0,-0.109390379,,,
109.972,7481.583,-37.4792,0.0883,0,-0.109268805,,,
110.472,7462.339,-37.4351,0.0883,0,-0.109140233,,,
110.972,7443.117,-37.3909,0.0883,0,-0.10901137,,,
111.472,7423.916,-37.3468,0.0883,0,-0.108882799,,,
111.972,7404.736,-37.3027,0.0883,0,-0.108754227,,,
112.472,7385.579,-37.2586,0.0883,0,-0.108625656,,,
112.972,7366.442,-37.2144,0.0883,0,-0.108496793,,,
113.472,7347.328,-37.1703,0.0883,0,-0.108368222,,,
113.972,7328.235,-37.1262,0.0883,0,-0.10823965,,,
114.472,7309.163,-37.082,0.0883,0,-0.108110787,,,
114.972,7290.113,-37.0379,0.0883,0,-0.107982216,,,
115.472,7271.084,-36.9938,0.0883,0,-0.107853644,,,
115.972,7252.076,-36.9496,0.0883,0,-0.107724781,,,
116.472,7233.089,-36.9055,0.0883,0,-0.10759621,,,
116.972,7214.123,-36.8614,0.0883,0,-0.107467638,,,
117.472,7195.178,-36.8197,0.0785,0,-0.107346064,,,
117.972,7176.253,-36.7805,0.0785,0,-0.107231778,,,
118.472,7157.35,-36.7413,0.0785,0,-0.107117493,,,
118.972,7138.467,-36.702,0.0785,0,-0.107002915,,,
119.472,7119.604,-36.6628,0.0785,0,-0.10688863,,,
119.972,7100.761,-36.6211,0.0883,0,-0.106767055,,,
120.472,7081.94,-36.5794,0.0785,0,-0.106645481,,,
120.972,7063.138,-36.5402,0.0785,0,-0.106531195,,,
121.472,7044.357,-36.501,0.0785,0,-0.10641691,,,
121.972,7025.595,-36.4618,0.0785,0,-0.106302624,,,
122.472,7006.853,-36.4225,0.0785,0,-0.106188047,,,
122.972,6988.13,-36.3833,0.0785,0,-0.106073761,,,
123.472,6969.428,-36.3441,0.0785,0,-0.105959475,,,
123.972,6950.745,-36.3049,0.0785,0,-0.10584519,,,
124.472,6932.082,-36.2656,0.0785,0,-0.105730612,,,
124.972,6913.438,-36.2264,0.0785,0,-0.105616327,,,
125.472,6894.815,-36.1872,0.0785,0,-0.105502041,,,
125.972,6876.213,-36.148,0.0785,0,-0.105387755,,,
126.472,6857.63,-36.1087,0.0785,0,-0.105273178,,,
126.972,6839.067,-36.0695,0.0785,0,-0.105158892,,,
127.472,6820.525,-36.0303,0.0785,0,-0.105044606,,,
127.972,6802.003,-35.991,0.0785,0,-0.104930029,,,
128.472,6783.501,-35.9518,0.0785,0,-0.104815743,,,
128.972,6765.019,-35.9126,0.0785,0,-0.104701458,,,
129.472,6746.556,-35.8734,0.0785,0,-0.104587172,,,
129.972,6728.113,-35.8341,0.0785,0,-0.104472595,,,
130.472,6709.689,-35.7949,0.0785,0,-0.104358309,,,
130.972,6691.285,-35.7557,0.0785,0,-0.104244023,,,
131.472,6672.9,-35.7165,0.0785,0,-0.104129738,,,
131.972,6654.534,-35.6772,0.0785,0,-0.10401516,,,
132.472,6636.187,-35.638,0.0785,0,-0.103900875,,,
132.972,6617.859,-35.5988,0.0785,0,-0.103786589,,,
133.472,6599.549,-35.5596,0.0785,0,-0.103672303,,,
133.972,6581.259,-35.5203,0.0785,0,-0.103557726,,,
134.472,6562.987,-35.4811,0.0785,0,-0.10344344,,,
134.972,6544.733,-35.4419,0.0785,0,-0.103329155,,,
135.472,6526.498,-35.4026,0.0785,0,-0.103214577,,,
135.972,6508.281,-35.3634,0.0785,0,-0.103100292,,,
136.472,6490.083,-35.3242,0.0785,0,-0.102986006,,,
136.972,6471.904,-35.2874,0.0686,0,-0.102878717,,,
137.472,6453.743,-35.2506,0.0785,0,-0.102771429,,,
137.972,6435.601,-35.2114,0.0785,0,-0.102657143,,,
138.472,6417.477,-35.1722,0.0785,0,-0.102542857,,,
138.972,6399.372,-35.133,0.0785,0,-0.102428571,,,
139.472,6381.286,-35.0937,0.0785,0,-0.102313994,,,
139.972,6363.219,-35.0545,0.0785,0,-0.102199708,,,
140.472,6345.17,-35.0153,0.0785,0,-0.102085423,,,
140.972,6327.14,-34.9761,0.0785,0,-0.101971137,,,
141.472,6309.129,-34.9393,0.0686,0,-0.101863848,,,
141.972,6291.136,-34.905,0.0686,0,-0.101763848,,,
142.472,6273.162,-34.8706,0.0686,0,-0.101663557,,,
142.972,6255.206,-34.8363,0.0686,0,-0.101563557,,,
143.472,6237.268,-34.802,0.0686,0,-0.101463557,,,
143.972,6219.348,-34.7677,0.0686,0,-0.101363557,,,
144.472,6201.446,-34.7333,0.0686,0,-0.101263265,,,
144.972,6183.562,-34.699,0.0686,0,-0.101163265,,,
145.472,6165.696,-34.6647,0.0686,0,-0.101063265,,,
145.972,6147.848,-34.6304,0.0686,0,-0.100963265,,,
146.472,6130.018,-34.5961,0.0686,0,-0.100863265,,,
146.972,6112.205,-34.5617,0.0686,0,-0.100762974,,,
147.472,6094.41,-34.5274,0.0686,0,-0.100662974,,,
147.972,6076.633,-34.4931,0.0686,0,-0.100562974,,,
148.472,6058.873,-34.4588,0.0686,0,-0.100462974,,,
148.972,6041.13,-34.4244,0.0686,0,-0.100362682,,,
149.472,6023.404,-34.3901,0.0686,0,-0.100262682,,,
149.972,6005.696,-34.3558,0.0686,0,-0.100162682,,,
150.472,5988.005,-34.3215,0.0686,0,-0.100062682,,,
150.972,5970.332,-34.2871,0.0686,0,-0.099962391,,,
151.472,5952.676,-34.2528,0.0686,0,-0.099862391,,,
151.972,5935.037,-34.2185,0.0686,0,-0.099762391,,,
152.472,5917.415,-34.1842,0.0686,0,-0.099662391,,,
152.972,5899.81,-34.1498,0.0686,0,-0.099562099,,,
153.472,5882.223,-34.1155,0.0686,0,-0.099462099,,,
153.972,5864.654,-34.0812,0.0686,0,-0.099362099,,,
154.472,5847.102,-34.0469,0.0686,0,-0.099262099,,,
154.972,5829.567,-34.0126,0.0686,0,-0.099162099,,,
155.472,5812.051,-33.9782,0.0686,0,-0.099061808,,,
155.972,5794.552,-33.9439,0.0686,0,-0.098961808,,,
156.472,5777.069,-33.9096,0.0686,0,-0.098861808,,,
156.972,5759.604,-33.8753,0.0686,0,-0.098761808,,,
157.472,5742.156,-33.8409,0.0686,0,-0.098661516,,,
157.972,5724.724,-33.8066,0.0686,0,-0.098561516,,,
158.472,5707.31,-33.7723,0.0686,0,-0.098461516,,,
158.972,5689.913,-33.738,0.0686,0,-0.098361516,,,
159.472,5672.532,-33.7036,0.0686,0,-0.098261224,,,
159.972,5655.168,-33.6693,0.0686,0,-0.098161224,,,
160.472,5637.821,-33.635,0.0686,0,-0.098061224,,,
160.972,5620.49,-33.6007,0.0686,0,-0.097961224,,,
161.472,5603.175,-33.5664,0.0686,0,-0.097861224,,,
161.972,5585.876,-33.532,0.0686,0,-0.097760933,,,
162.472,5568.594,-33.4977,0.0686,0,-0.097660933,,,
162.972,5551.328,-33.4634,0.0686,0,-0.097560933,,,
163.472,5534.077,-33.4291,0.0686,0,-0.097460933,,,
163.972,5516.843,-33.3972,0.0588,0,-0.09736793,,,
164.472,5499.625,-33.3678,0.0588,0,-0.097282216,,,
164.972,5482.423,-33.3359,0.0686,0,-0.097189213,,,
165.472,5465.236,-33.3016,0.0686,0,-0.097089213,,,
165.972,5448.066,-33.2673,0.0686,0,-0.096989213,,,
166.472,5430.912,-33.2329,0.0686,0,-0.096888921,,,
166.972,5413.774,-33.1986,0.0686,0,-0.096788921,,,
167.472,5396.653,-33.1643,0.0686,0,-0.096688921,,,
167.972,5379.548,-33.13,0.0686,0,-0.096588921,,,
168.472,5362.46,-33.0956,0.0686,0,-0.09648863,,,
168.972,5345.388,-33.0613,0.0686,0,-0.09638863,,,
169.472,5328.332,-33.027,0.0686,0,-0.09628863,,,
169.972,5311.292,-32.9927,0.0686,0,-0.09618863,,,
170.472,5294.269,-32.9583,0.0686,0,-0.096088338,,,
170.972,5277.262,-32.924,0.0686,0,-0.095988338,,,
171.472,5260.271,-32.8921,0.0588,0,-0.095895335,,,
171.972,5243.296,-32.8627,0.0588,0,-0.095809621,,,
172.472,5226.337,-32.8333,0.0588,0,-0.095723907,,,
172.972,5209.393,-32.8039,0.0588,0,-0.095638192,,,
173.472,5192.466,-32.7745,0.0588,0,-0.095552478,,,
173.972,5175.554,-32.745,0.0588,0,-0.095466472,,,
174.472,5158.657,-32.7156,0.0588,0,-0.095380758,,,
174.972,5141.776,-32.6862,0.0588,0,-0.095295044,,,
175.472,5124.91,-32.6568,0.0588,0,-0.095209329,,,
175.972,5108.06,-32.6274,0.0588,0,-0.095123615,,,
176.472,5091.225,-32.5979,0.0588,0,-0.095037609,,,
176.972,5074.405,-32.5685,0.0588,0,-0.094951895,,,
177.472,5057.6,-32.5391,0.0588,0,-0.094866181,,,
177.972,5040.81,-32.5097,0.0588,0,-0.094780466,,,
178.472,5024.035,-32.4803,0.0588,0,-0.094694752,,,
178.972,5007.275,-32.4508,0.0588,0,-0.094608746,,,
179.472,4990.53,-32.4214,0.0588,0,-0.094523032,,,
179.972,4973.8,-32.3896,0.0686,0,-0.094430321,,,
180.472,4957.085,-32.3577,0.0588,0,-0.094337318,,,
180.972,4940.386,-32.3283,0.0588,0,-0.094251603,,,
181.472,4923.703,-32.2964,0.0686,0,-0.094158601,,,
181.972,4907.035,-32.2645,0.0588,0,-0.094065598,,,
182.472,4890.383,-32.2326,0.0686,0,-0.093972595,,,
182.972,4873.747,-32.2008,0.0588,0,-0.093879883,,,
183.472,4857.125,-32.1714,0.0588,0,-0.093794169,,,
183.972,4840.519,-32.1419,0.0588,0,-0.093708163,,,
184.472,4823.927,-32.1125,0.0588,0,-0.093622449,,,
184.972,4807.351,-32.0831,0.0588,0,-0.093536735,,,
185.472,4790.789,-32.0537,0.0588,0,-0.09345102,,,
185.972,4774.241,-32.0243,0.0588,0,-0.093365306,,,
186.472,4757.709,-31.9948,0.0588,0,-0.0932793,,,
186.972,4741.192,-31.9654,0.0588,0,-0.093193586,,,
187.472,4724.689,-31.936,0.0588,0,-0.093107872,,,
187.972,4708.201,-31.9066,0.0588,0,-0.093022157,,,
188.472,4691.727,-31.8772,0.0588,0,-0.092936443,,,
188.972,4675.268,-31.8477,0.0588,0,-0.092850437,,,
189.472,4658.823,-31.8183,0.0588,0,-0.092764723,,,
189.972,4642.393,-31.7889,0.0588,0,-0.092679009,,,
190.472,4625.977,-31.7595,0.0588,0,-0.092593294,,,
190.972,4609.575,-31.7301,0.0588,0,-0.09250758,,,
191.472,4593.188,-31.7006,0.0588,0,-0.092421574,,,
191.972,4576.815,-31.6712,0.0588,0,-0.09233586,,,
192.472,4560.457,-31.6418,0.0588,0,-0.092250146,,,
192.972,4544.112,-31.6124,0.0588,0,-0.092164431,,,
193.472,4527.782,-31.583,0.0588,0,-0.092078717,,,
193.972,4511.466,-31.5535,0.0588,0,-0.091992711,,,
194.472,4495.165,-31.5241,0.0588,0,-0.091906997,,,
194.972,4478.877,-31.4947,0.0588,0,-0.091821283,,,
195.472,4462.602,-31.4653,0.0588,0,-0.091735569,,,
195.972,4446.342,-31.4359,0.0588,0,-0.091649854,,,
196.472,4430.096,-31.4064,0.0588,0,-0.091563848,,,
196.972,4413.864,-31.377,0.0588,0,-0.091478134,,,
197.472,4397.646,-31.3476,0.0588,0,-0.09139242,,,
197.972,4381.443,-31.3182,0.0588,0,-0.091306706,,,
198.472,4365.255,-31.2888,0.0588,0,-0.091220991,,,
198.972,4349.081,-31.2593,0.0588,0,-0.091134985,,,
199.472,4332.921,-31.2299,0.0588,0,-0.091049271,,,
199.972,4316.775,-31.2005,0.0588,0,-0.090963557,,,
200.472,4300.643,-31.1711,0.0588,0,-0.090877843,,,
200.972,4284.524,-31.1417,0.0588,0,-0.090792128,,,
201.472,4268.42,-31.1122,0.0588,0,-0.090706122,,,
201.972,4252.33,-31.0828,0.0588,0,-0.090620408,,,
202.472,4236.254,-31.0534,0.0588,0,-0.090534694,,,
202.972,4220.192,-31.024,0.0588,0,-0.09044898,,,
203.472,4204.144,-30.997,0.049,0,-0.090370262,,,
203.972,4188.11,-30.97,0.0588,0,-0.090291545,,,
204.472,4172.089,-30.9431,0.049,0,-0.09021312,,,
204.972,4156.081,-30.9161,0.0588,0,-0.090134402,,,
205.472,4140.087,-30.8891,0.049,0,-0.090055685,,,
205.972,4124.106,-30.8646,0.049,0,-0.089984257,,,
206.472,4108.138,-30.8401,0.049,0,-0.089912828,,,
206.972,4092.184,-30.8156,0.049,0,-0.089841399,,,
207.472,4076.243,-30.7911,0.049,0,-0.089769971,,,
207.972,4060.315,-30.7666,0.049,0,-0.089698542,,,
208.472,4044.401,-30.742,0.049,0,-0.089626822,,,
208.972,4028.5,-30.7151,0.0588,0,-0.089548397,,,
209.472,4012.612,-30.6857,0.0588,0,-0.089462682,,,
209.972,3996.737,-30.6587,0.049,0,-0.089383965,,,
210.472,3980.876,-30.6342,0.049,0,-0.089312536,,,
210.972,3965.028,-30.6096,0.049,0,-0.089240816,,,
211.472,3949.192,-30.5851,0.049,0,-0.089169388,,,
211.972,3933.37,-30.5582,0.0588,0,-0.089090962,,,
212.472,3917.561,-30.5312,0.049,0,-0.089012245,,,
212.972,3901.766,-30.5067,0.049,0,-0.088940816,,,
213.472,3885.984,-30.4797,0.0588,0,-0.088862099,,,
213.972,3870.215,-30.4527,0.049,0,-0.088783382,,,
214.472,3854.459,-30.4258,0.0588,0,-0.088704956,,,
214.972,3838.717,-30.3988,0.049,0,-0.088626239,,,
215.472,3822.989,-30.3718,0.0588,0,-0.088547522,,,
215.972,3807.274,-30.3449,0.049,0,-0.088469096,,,
216.472,3791.572,-30.3204,0.049,0,-0.088397668,,,
216.972,3775.884,-30.2958,0.049,0,-0.088325948,,,
217.472,3760.208,-30.2713,0.049,0,-0.088254519,,,
217.972,3744.545,-30.2468,0.049,0,-0.08818309,,,
218.472,3728.895,-30.2223,0.049,0,-0.088111662,,,
218.972,3713.258,-30.1978,0.049,0,-0.088040233,,,
219.472,3697.633,-30.1733,0.049,0,-0.087968805,,,
219.972,3682.021,-30.1463,0.0588,0,-0.087890087,,,
220.472,3666.423,-30.1193,0.049,0,-0.08781137,,,
220.972,3650.837,-30.0948,0.049,0,-0.087739942,,,
221.472,3635.264,-30.0703,0.049,0,-0.087668513,,,
221.972,3619.704,-30.0458,0.049,0,-0.087597085,,,
222.472,3604.156,-30.0212,0.049,0,-0.087525364,,,
222.972,3588.62,-29.9967,0.049,0,-0.087453936,,,
223.472,3573.097,-29.9722,0.049,0,-0.087382507,,,
223.972,3557.586,-29.9477,0.049,0,-0.087311079,,,
224.472,3542.087,-29.9232,0.049,0,-0.08723965,,,
224.972,3526.601,-29.8987,0.049,0,-0.087168222,,,
225.472,3511.127,-29.8741,0.049,0,-0.087096501,,,
225.972,3495.665,-29.8496,0.049,0,-0.087025073,,,
226.472,3480.215,-29.8251,0.049,0,-0.086953644,,,
226.972,3464.778,-29.8006,0.049,0,-0.086882216,,,
227.472,3449.353,-29.7736,0.0588,0,-0.086803499,,,
227.972,3433.942,-29.7467,0.049,0,-0.086725073,,,
228.472,3418.543,-29.7221,0.049,0,-0.086653353,,,
228.972,3403.157,-29.6976,0.049,0,-0.086581924,,,
229.472,3387.783,-29.6731,0.049,0,-0.086510496,,,
229.972,3372.421,-29.6486,0.049,0,-0.086439067,,,
230.472,3357.071,-29.6241,0.049,0,-0.086367638,,,
230.972,3341.734,-29.5996,0.049,0,-0.08629621,,,
231.472,3326.41,-29.575,0.049,0,-0.08622449,,,
231.972,3311.098,-29.5505,0.049,0,-0.086153061,,,
232.472,3295.798,-29.526,0.049,0,-0.086081633,,,
232.972,3280.511,-29.5015,0.049,0,-0.086010204,,,
233.472,3265.235,-29.477,0.049,0,-0.085938776,,,
233.972,3249.972,-29.4525,0.049,0,-0.085867347,,,
234.472,3234.721,-29.4279,0.049,0,-0.085795627,,,
234.972,3219.482,-29.4034,0.049,0,-0.085724198,,,
235.472,3204.255,-29.3789,0.049,0,-0.08565277,,,
235.972,3189.04,-29.3544,0.049,0,-0.085581341,,,
236.472,3173.837,-29.3299,0.049,0,-0.085509913,,,
236.972,3158.646,-29.3054,0.049,0,-0.085438484,,,
237.472,3143.467,-29.2808,0.049,0,-0.085366764,,,
237.972,3128.3,-29.2563,0.049,0,-0.085295335,,,
238.472,3113.145,-29.2318,0.049,0,-0.085223907,,,
238.972,3098.001,-29.2073,0.049,0,-0.085152478,,,
239.472,3082.869,-29.1828,0.049,0,-0.08508105,,,
239.972,3067.749,-29.1583,0.049,0,-0.085009621,,,
240.472,3052.64,-29.1337,0.049,0,-0.084937901,,,
240.972,3037.542,-29.1092,0.049,0,-0.084866472,,,
241.472,3022.456,-29.0847,0.049,0,-0.084795044,,,
241.972,3007.382,-29.0602,0.049,0,-0.084723615,,,
242.472,2992.319,-29.0357,0.049,0,-0.084652187,,,
242.972,2977.267,-29.0112,0.049,0,-0.084580758,,,
243.472,2962.228,-28.9866,0.049,0,-0.084509038,,,
243.972,2947.2,-28.9621,0.049,0,-0.084437609,,,
244.472,2932.184,-28.9376,0.049,0,-0.084366181,,,
244.972,2917.18,-28.9131,0.049,0,-0.084294752,,,
245.472,2902.187,-28.8886,0.049,0,-0.084223324,,,
245.972,2887.207,-28.8641,0.049,0,-0.084151895,,,
246.472,2872.238,-28.8395,0.049,0,-0.084080175,,,
246.972,2857.28,-28.815,0.049,0,-0.084008746,,,
247.472,2842.335,-28.7905,0.049,0,-0.083937318,,,
247.972,2827.401,-28.766,0.049,0,-0.083865889,,,
248.472,2812.478,-28.7415,0.049,0,-0.083794461,,,
248.972,2797.567,-28.717,0.049,0,-0.083723032,,,
249.472,2782.668,-28.6924,0.049,0,-0.083651312,,,
249.972,2767.78,-28.6679,0.049,0,-0.083579883,,,
250.472,2752.905,-28.6459,0.0392,0,-0.083515743,,,
250.972,2738.041,-28.6263,0.0392,0,-0.083458601,,,
251.472,2723.188,-28.6042,0.049,0,-0.083394169,,,
251.972,2708.347,-28.5821,0.0392,0,-0.083329738,,,
252.472,2693.517,-28.5625,0.0392,0,-0.083272595,,,
252.972,2678.697,-28.5404,0.049,0,-0.083208163,,,
253.472,2663.89,-28.5184,0.0392,0,-0.083144023,,,
253.972,2649.093,-28.4988,0.0392,0,-0.08308688,,,
254.472,2634.307,-28.4767,0.049,0,-0.083022449,,,
254.972,2619.532,-28.4546,0.0392,0,-0.082958017,,,
255.472,2604.769,-28.435,0.0392,0,-0.082900875,,,
255.972,2590.016,-28.4154,0.0392,0,-0.082843732,,,
256.472,2575.274,-28.3958,0.0392,0,-0.082786589,,,
256.972,2560.543,-28.3762,0.0392,0,-0.082729446,,,
257.472,2545.822,-28.3566,0.0392,0,-0.082672303,,,
257.972,2531.113,-28.337,0.0392,0,-0.08261516,,,
258.472,2516.414,-28.3173,0.0392,0,-0.082557726,,,
258.972,2501.726,-28.2977,0.0392,0,-0.082500583,,,
259.472,2487.049,-28.2757,0.049,0,-0.082436443,,,
259.972,2472.383,-28.2536,0.0392,0,-0.082372012,,,
260.472,2457.728,-28.2315,0.049,0,-0.08230758,,,
260.972,2443.085,-28.2095,0.0392,0,-0.08224344,,,
261.472,2428.453,-28.1899,0.0392,0,-0.082186297,,,
261.972,2413.831,-28.1702,0.0392,0,-0.082128863,,,
262.472,2399.221,-28.1506,0.0392,0,-0.08207172,,,
262.972,2384.621,-28.1286,0.049,0,-0.08200758,,,
263.472,2370.032,-28.1065,0.0392,0,-0.081943149,,,
263.972,2355.455,-28.0844,0.049,0,-0.081878717,,,
264.472,2340.888,-28.0624,0.0392,0,-0.081814577,,,
264.972,2326.333,-28.0428,0.0392,0,-0.081757434,,,
265.472,2311.789,-28.0231,0.0392,0,-0.0817,,,
265.972,2297.255,-28.0035,0.0392,0,-0.081642857,,,
266.472,2282.731,-27.9839,0.0392,0,-0.081585714,,,
266.972,2268.219,-27.9643,0.0392,0,-0.081528571,,,
267.472,2253.717,-27.9447,0.0392,0,-0.081471429,,,
267.972,2239.226,-27.9251,0.0392,0,-0.081414286,,,
268.472,2224.745,-27.903,0.049,0,-0.081349854,,,
268.972,2210.275,-27.8809,0.0392,0,-0.081285423,,,
269.472,2195.816,-27.8613,0.0392,0,-0.08122828,,,
269.972,2181.368,-27.8417,0.0392,0,-0.081171137,,,
270.472,2166.929,-27.8221,0.0392,0,-0.081113994,,,
270.972,2152.502,-27.8025,0.0392,0,-0.081056851,,,
271.472,2138.084,-27.7829,0.0392,0,-0.080999708,,,
271.972,2123.677,-27.7633,0.0392,0,-0.080942566,,,
272.472,2109.28,-27.7437,0.0392,0,-0.080885423,,,
272.972,2094.894,-27.724,0.0392,0,-0.080827988,,,
273.472,2080.518,-27.7044,0.0392,0,-0.080770845,,,
273.972,2066.153,-27.6848,0.0392,0,-0.080713703,,,
274.472,2051.798,-27.6652,0.0392,0,-0.08065656,,,
274.972,2037.452,-27.6456,0.0392,0,-0.080599417,,,
275.472,2023.117,-27.626,0.0392,0,-0.080542274,,,
275.972,2008.792,-27.6064,0.0392,0,-0.080485131,,,
276.472,1994.477,-27.5867,0.0392,0,-0.080427697,,,
276.972,1980.172,-27.5671,0.0392,0,-0.080370554,,,
277.472,1965.878,-27.5475,0.0392,0,-0.080313411,,,
277.972,1951.593,-27.5279,0.0392,0,-0.080256268,,,
278.472,1937.319,-27.5083,0.0392,0,-0.080199125,,,
278.972,1923.056,-27.4887,0.0392,0,-0.080141983,,,
279.472,1908.803,-27.4691,0.0392,0,-0.08008484,,,
279.972,1894.56,-27.4495,0.0392,0,-0.080027697,,,
280.472,1880.328,-27.4298,0.0392,0,-0.079970262,,,
280.972,1866.106,-27.4102,0.0392,0,-0.07991312,,,
281.472,1851.895,-27.3906,0.0392,0,-0.079855977,,,
281.972,1837.693,-27.3686,0.049,0,-0.079791837,,,
282.472,1823.502,-27.3465,0.0392,0,-0.079727405,,,
282.972,1809.322,-27.3269,0.0392,0,-0.079670262,,,
283.472,1795.152,-27.3073,0.0392,0,-0.07961312,,,
283.972,1780.991,-27.2876,0.0392,0,-0.079555685,,,
284.472,1766.841,-27.268,0.0392,0,-0.079498542,,,
284.972,1752.701,-27.2484,0.0392,0,-0.079441399,,,
285.472,1738.57,-27.2288,0.0392,0,-0.079384257,,,
285.972,1724.45,-27.2092,0.0392,0,-0.079327114,,,
286.472,1710.339,-27.1896,0.0392,0,-0.079269971,,,
286.972,1696.239,-27.17,0.0392,0,-0.079212828,,,
287.472,1682.148,-27.1504,0.0392,0,-0.079155685,,,
287.972,1668.067,-27.1307,0.0392,0,-0.079098251,,,
288.472,1653.996,-27.1111,0.0392,0,-0.079041108,,,
288.972,1639.935,-27.0915,0.0392,0,-0.078983965,,,
289.472,1625.884,-27.0719,0.0392,0,-0.078926822,,,
289.972,1611.842,-27.0523,0.0392,0,-0.078869679,,,
290.472,1597.81,-27.0327,0.0392,0,-0.078812536,,,
290.972,1583.788,-27.0131,0.0392,0,-0.078755394,,,
291.472,1569.776,-26.9934,0.0392,0,-0.078697959,,,
291.972,1555.774,-26.9738,0.0392,0,-0.078640816,,,
292.472,1541.781,-26.9542,0.0392,0,-0.078583673,,,
292.972,1527.797,-26.9346,0.0392,0,-0.078526531,,,
293.472,1513.823,-26.915,0.0392,0,-0.078469388,,,
293.972,1499.858,-26.8954,0.0392,0,-0.078412245,,,
294.472,1485.903,-26.8758,0.0392,0,-0.078355102,,,
294.972,1471.957,-26.8562,0.0392,0,-0.078297959,,,
295.472,1458.021,-26.8365,0.0392,0,-0.078240525,,,
295.972,1444.095,-26.8169,0.0392,0,-0.078183382,,,
296.472,1430.178,-26.7973,0.0392,0,-0.078126239,,,
296.972,1416.271,-26.7777,0.0392,0,-0.078069096,,,
297.472,1402.374,-26.7581,0.0392,0,-0.078011953,,,
297.972,1388.487,-26.7385,0.0392,0,-0.07795481,,,
298.472,1374.609,-26.7189,0.0392,0,-0.077897668,,,
298.972,1360.742,-26.6992,0.0392,0,-0.077840233,,,
299.472,1346.884,-26.6796,0.0392,0,-0.07778309,,,
299.972,1333.035,-26.66,0.0392,0,-0.077725948,,,
300.472,1319.196,-26.6404,0.0392,0,-0.077668805,,,
300.972,1305.367,-26.6208,0.0392,0,-0.077611662,,,
301.472,1291.547,-26.6012,0.0392,0,-0.077554519,,,
301.972,1277.737,-26.5816,0.0392,0,-0.077497376,,,
302.472,1263.936,-26.562,0.0392,0,-0.077440233,,,
302.473,1263.909,-26.4163,291.2085,0,-0.077015452,,,
302.476,1263.816,-25.5748,269.7907,0,-0.074562099,,,
302.48,1263.719,-24.5369,249.1576,0,-0.071536152,,,
302.484,1263.618,-23.58,229.3187,0,-0.068746356,,,
302.488,1263.513,-22.7008,210.2742,0,-0.06618309,,,
302.493,1263.403,-21.6951,192.0142,0,-0.06325102,,,
302.498,1263.288,-20.7787,174.5486,0,-0.0605793,,,
302.504,1263.168,-19.7814,157.8773,0,-0.05767172,,,
302.51,1263.04,-18.8818,141.9905,0,-0.05504898,,,
302.517,1262.906,-17.9407,126.8981,0,-0.052305248,,,
302.525,1262.763,-16.9827,112.5901,0,-0.049512245,,,
302.534,1262.612,-16.0302,99.0766,0,-0.046735277,,,
302.544,1262.449,-15.1031,86.3574,0,-0.044032362,,,
302.556,1262.274,-14.1384,74.4227,0,-0.041219825,,,
302.569,1262.085,-13.2433,63.2823,0,-0.038610204,,,
302.585,1261.878,-12.3136,52.9265,0,-0.035899708,,,
302.604,1261.65,-11.3989,43.3552,0,-0.033232945,,,
302.627,1261.394,-10.5026,34.5881,0,-0.030619825,,,
302.656,1261.102,-9.6153,26.6054,0,-0.028032945,,,
302.693,1260.76,-8.7639,19.4172,0,-0.025550729,,,
302.745,1260.343,-7.9204,13.0232,0,-0.023091545,,,
302.822,1259.799,-7.1325,7.4432,0,-0.020794461,,,
302.954,1258.99,-6.4658,2.6576,0,-0.018850729,,,
303.18,1257.793,-6.1511,0.1275,0,-0.017933236,,,
303.432,1256.533,-6.1348,0.002,0,-0.017885714,,,
303.686,1255.27,-6.1344,0.001,0,-0.017884548,,,
303.94,1254.006,-6.1256,0.0686,0,-0.017858892,,,
304.194,1252.745,-6.1243,-0.0588,0,-0.017855102,,,
304.449,1251.48,-6.1293,0.0196,0,-0.017869679,,,
304.703,1250.217,-6.1281,-0.0098,0,-0.017866181,,,
304.958,1248.954,-6.1306,-0.0098,0,-0.017873469,,,
305.212,1247.691,-6.1256,0.049,0,-0.017858892,,,
305.466,1246.43,-6.1231,-0.0294,0,-0.017851603,,,
305.72,1245.166,-6.1281,-0.0098,0,-0.017866181,,,
305.974,1243.903,-6.1288,0.004,0,-0.017868222,,,
306.228,1242.641,-6.1275,0.006,0,-0.017864431,,,
306.482,1241.38,-6.1056,0.1667,0,-0.017800583,,,
306.736,1240.123,-6.0919,-0.0588,0,-0.017760641,,,
306.992,1238.86,-6.112,-0.0981,0,-0.017819242,,,
307.248,1237.595,-6.122,0.0196,0,-0.017848397,,,
307.502,1236.334,-6.1206,-0.008,0,-0.017844315,,,
307.756,1235.073,-6.1241,-0.0196,0,-0.017854519,,,
308.01,1233.811,-6.126,0.004,0,-0.017860058,,,
308.264,1232.55,-6.1258,-0.002,0,-0.017859475,,,
308.517,1231.289,-6.1249,0.009,0,-0.017856851,,,
308.771,1230.029,-6.1138,0.0785,0,-0.01782449,,,
309.025,1228.771,-6.1076,-0.0294,0,-0.017806414,,,
309.28,1227.51,-6.1126,-0.0098,0,-0.017820991,,,
309.534,1226.249,-6.1142,-0.003,0,-0.017825656,,,
309.788,1224.989,-6.1096,0.0392,0,-0.017812245,,,
310.042,1223.73,-6.1096,-0.0392,0,-0.017812245,,,
310.297,1222.47,-6.1171,-0.0196,0,-0.017834111,,,
310.551,1221.21,-6.1207,-0.009,0,-0.017844606,,,
310.805,1219.95,-6.1157,0.049,0,-0.017830029,,,
311.058,1218.692,-6.1132,-0.0294,0,-0.017822741,,,
311.312,1217.432,-6.1132,0.0294,0,-0.017822741,,,
311.566,1216.174,-6.1144,-0.0392,0,-0.017826239,,,
311.82,1214.914,-6.1157,0.0294,0,-0.017830029,,,
312.074,1213.657,-6.1157,-0.0294,0,-0.017830029,,,
312.328,1212.397,-6.0932,0.2059,0,-0.017764431,,,
312.581,1211.146,-6.0883,-0.1667,0,-0.017750146,,,
312.837,1209.882,-6.1134,-0.0294,0,-0.017823324,,,
313.091,1208.623,-6.1159,0.0098,0,-0.017830612,,,
313.345,1207.366,-6.1134,0.0098,0,-0.017823324,,,
313.598,1206.109,-6.1159,-0.0294,0,-0.017830612,,,
313.852,1204.85,-6.1195,0.001,0,-0.017841108,,,
314.105,1203.593,-6.1181,0.0098,0,-0.017837026,,,
314.359,1202.336,-6.1106,0.049,0,-0.01781516,,,
314.612,1201.081,-6.1094,-0.0392,0,-0.017811662,,,
314.866,1199.823,-6.1151,-0.006,0,-0.01782828,,,
315.12,1198.566,-6.1164,-0.004,0,-0.01783207,,,
315.373,1197.309,-6.1157,0.0098,0,-0.017830029,,,
315.626,1196.053,-6.1045,0.0785,0,-0.017797376,,,
315.88,1194.799,-6.102,-0.0588,0,-0.017790087,,,
316.134,1193.541,-6.1092,0.002,0,-0.017811079,,,
316.388,1192.285,-6.1115,-0.0196,0,-0.017817784,,,
316.641,1191.029,-6.1135,0.004,0,-0.017823615,,,
316.895,1189.773,-6.113,-0.0004,0,-0.017822157,,,
317.148,1188.518,-6.1125,0.004,0,-0.0178207,,,
317.401,1187.263,-6.1125,-0.004,0,-0.0178207,,,
317.654,1186.007,-6.1093,0.0294,0,-0.01781137,,,
317.907,1184.753,-6.1068,-0.0098,0,-0.017804082,,,
318.161,1183.498,-6.1092,-0.009,0,-0.017811079,,,
318.414,1182.243,-6.1099,0.004,0,-0.01781312,,,
318.667,1180.989,-6.1056,0.0294,0,-0.017800583,,,
318.92,1179.735,-6.101,0.007,0,-0.017787172,,,
319.174,1178.481,-6.1051,-0.0392,0,-0.017799125,,,
319.428,1177.226,-6.1076,0.0196,0,-0.017806414,,,
319.681,1175.972,-6.1064,-0.0098,0,-0.017802915,,,
319.934,1174.718,-6.1075,0.001,0,-0.017806122,,,
320.187,1173.465,-6.095,0.0981,0,-0.017769679,,,
320.44,1172.214,-6.0838,-0.0098,0,-0.017737026,,,
320.694,1170.961,-6.0938,-0.0686,0,-0.017766181,,,
320.948,1169.705,-6.0987,0.0294,0,-0.017780466,,,
321.201,1168.453,-6.0975,-0.0196,0,-0.017776968,,,
321.455,1167.2,-6.0987,0.0098,0,-0.017780466,,,
321.708,1165.947,-6.1012,-0.0294,0,-0.017787755,,,
321.961,1164.694,-6.1037,0.0098,0,-0.017795044,,,
322.214,1163.442,-6.1,0.0196,0,-0.017784257,,,
322.467,1162.19,-6.0985,-0.008,0,-0.017779883,,,
322.72,1160.938,-6.076,0.1863,0,-0.017714286,,,
322.973,1159.692,-6.0772,-0.1961,0,-0.017717784,,,
323.229,1158.434,-6.1018,0.004,0,-0.017789504,,,
323.482,1157.182,-6.1009,0.003,0,-0.01778688,,,
323.734,1155.931,-6.1007,-0.001,0,-0.017786297,,,
323.987,1154.679,-6.1007,0.001,0,-0.017786297,,,
324.24,1153.428,-6.1005,0.0004,0,-0.017785714,,,
324.493,1152.177,-6.0818,0.1471,0,-0.017731195,,,
324.746,1150.931,-6.0756,-0.0981,0,-0.01771312,,,
325,1149.677,-6.0943,-0.049,0,-0.017767638,,,
325.254,1148.425,-6.1003,0.002,0,-0.017785131,,,
325.506,1147.175,-6.0926,0.0588,0,-0.017762682,,,
325.759,1145.927,-6.0901,-0.0392,0,-0.017755394,,,
326.012,1144.675,-6.0938,0.0098,0,-0.017766181,,,
326.265,1143.426,-6.0951,-0.0196,0,-0.017769971,,,
326.518,1142.175,-6.0938,0.0294,0,-0.017766181,,,
326.771,1140.926,-6.0938,-0.0294,0,-0.017766181,,,
327.024,1139.676,-6.0975,0.0002,0,-0.017776968,,,
327.277,1138.427,-6.097,0.004,0,-0.01777551,,,
327.529,1137.177,-6.0968,-0.002,0,-0.017774927,,,
327.782,1135.928,-6.0973,-0.002,0,-0.017776385,,,
328.035,1134.679,-6.0963,0.0098,0,-0.017773469,,,
328.287,1133.431,-6.0963,-0.0098,0,-0.017773469,,,
328.54,1132.182,-6.097,0.004,0,-0.01777551,,,
328.792,1130.934,-6.0891,0.0588,0,-0.017752478,,,
329.045,1129.687,-6.0866,-0.0392,0,-0.01774519,,,
329.298,1128.438,-6.0909,0.005,0,-0.017757726,,,
329.55,1127.19,-6.0841,0.049,0,-0.017737901,,,
329.803,1125.944,-6.0866,-0.0686,0,-0.01774519,,,
330.056,1124.694,-6.0948,0.004,0,-0.017769096,,,
330.309,1123.447,-6.0906,0.0294,0,-0.017756851,,,
330.561,1122.2,-6.0906,-0.0294,0,-0.017756851,,,
330.814,1120.952,-6.0881,0.049,0,-0.017749563,,,
331.066,1119.707,-6.0868,-0.0392,0,-0.017745773,,,
331.319,1118.458,-6.0927,-0.007,0,-0.017762974,,,
331.572,1117.211,-6.0935,0.0006,0,-0.017765306,,,
331.824,1115.965,-6.0922,0.0098,0,-0.017761516,,,
332.077,1114.719,-6.0922,-0.0098,0,-0.017761516,,,
332.329,1113.472,-6.0932,0.002,0,-0.017764431,,,
332.581,1112.226,-6.083,0.0785,0,-0.017734694,,,
332.833,1110.982,-6.0806,-0.0588,0,-0.017727697,,,
333.087,1109.735,-6.088,-0.0001,0,-0.017749271,,,
333.339,1108.489,-6.0892,-0.009,0,-0.01775277,,,
333.591,1107.243,-6.0907,-0.003,0,-0.017757143,,,
333.844,1105.998,-6.0906,0.004,0,-0.017756851,,,
334.096,1104.752,-6.0892,0.007,0,-0.01775277,,,
334.348,1103.507,-6.0784,0.0785,0,-0.017721283,,,
334.6,1102.265,-6.0624,0.049,0,-0.017674636,,,
334.853,1101.022,-6.0648,-0.0686,0,-0.017681633,,,
335.107,1099.775,-6.0798,-0.049,0,-0.017725364,,,
335.36,1098.529,-6.0869,-0.007,0,-0.017746064,,,
335.612,1097.284,-6.0853,0.0196,0,-0.017741399,,,
335.864,1096.041,-6.0834,-0.005,0,-0.01773586,,,
336.117,1094.796,-6.0779,0.049,0,-0.017719825,,,
336.369,1093.554,-6.0779,-0.049,0,-0.017719825,,,
336.622,1092.308,-6.0828,0.0098,0,-0.017734111,,,
336.874,1091.065,-6.0828,-0.0098,0,-0.017734111,,,
337.126,1089.821,-6.0831,0.008,0,-0.017734985,,,
337.378,1088.578,-6.0822,-0.001,0,-0.017732362,,,
337.63,1087.335,-6.0811,0.0098,0,-0.017729155,,,
337.882,1086.092,-6.0811,-0.0098,0,-0.017729155,,,
338.135,1084.849,-6.0811,0.0098,0,-0.017729155,,,
338.387,1083.607,-6.0807,-0.007,0,-0.017727988,,,
338.639,1082.364,-6.0569,0.1961,0,-0.017658601,,,
338.891,1081.128,-6.0495,-0.1373,0,-0.017637026,,,
339.145,1079.881,-6.0744,-0.0588,0,-0.017709621,,,
339.398,1078.637,-6.0826,-0.006,0,-0.017733528,,,
339.65,1077.395,-6.0796,0.0294,0,-0.017724781,,,
339.902,1076.154,-6.0784,-0.0196,0,-0.017721283,,,
340.154,1074.912,-6.0759,0.0392,0,-0.017713994,,,
340.406,1073.671,-6.0759,-0.0392,0,-0.017713994,,,
340.658,1072.429,-6.0799,0.008,0,-0.017725656,,,
340.91,1071.188,-6.0764,0.0196,0,-0.017715452,,,
341.162,1069.947,-6.0764,-0.0196,0,-0.017715452,,,
341.414,1068.706,-6.0739,0.0392,0,-0.017708163,,,
341.666,1067.466,-6.0702,-0.0098,0,-0.017697376,,,
341.918,1066.225,-6.0603,0.0883,0,-0.017668513,,,
342.171,1064.987,-6.064,-0.1177,0,-0.0176793,,,
342.424,1063.743,-6.074,0.0392,0,-0.017708455,,,
342.675,1062.505,-6.0693,-0.002,0,-0.017694752,,,
342.928,1061.264,-6.072,-0.0196,0,-0.017702624,,,
343.18,1060.024,-6.0733,0.0098,0,-0.017706414,,,
343.432,1058.785,-6.0745,-0.0196,0,-0.017709913,,,
343.684,1057.544,-6.0708,0.049,0,-0.017699125,,,
343.936,1056.306,-6.0708,-0.049,0,-0.017699125,,,
344.188,1055.065,-6.0745,0.0196,0,-0.017709913,,,
344.44,1053.827,-6.0714,0.005,0,-0.017700875,,,
344.691,1052.588,-6.0732,-0.0196,0,-0.017706122,,,
344.943,1051.348,-6.0757,0.0001,0,-0.017713411,,,
345.443,1048.887,-6.0462,0.1177,0,-0.017627405,,,
345.695,1047.652,-6.0462,-0.1177,0,-0.017627405,,,
345.948,1046.41,-6.0574,0.0294,0,-0.017660058,,,
346.199,1045.173,-6.0574,-0.0294,0,-0.017660058,,,
346.451,1043.934,-6.0609,0.002,0,-0.017670262,,,
346.702,1042.696,-6.0604,0.002,0,-0.017668805,,,
346.954,1041.458,-6.0552,0.0392,0,-0.017653644,,,
347.205,1040.222,-6.0515,-0.0098,0,-0.017642857,,,
347.457,1038.984,-6.054,-0.0098,0,-0.017650146,,,
347.709,1037.747,-6.049,0.049,0,-0.017635569,,,
347.96,1036.511,-6.0502,-0.0588,0,-0.017639067,,,
348.212,1035.272,-6.0527,0.0392,0,-0.017646356,,,
348.464,1034.037,-6.0527,-0.0392,0,-0.017646356,,,
348.715,1032.799,-6.0564,0.0098,0,-0.017657143,,,
348.967,1031.563,-6.0527,0.0196,0,-0.017646356,,,
349.218,1030.327,-6.0539,-0.0294,0,-0.017649854,,,
349.47,1029.09,-6.0539,0.0294,0,-0.017649854,,,
349.721,1027.854,-6.0527,-0.0196,0,-0.017646356,,,
349.972,1026.618,-6.0527,0.0196,0,-0.017646356,,,
350.224,1025.383,-6.0515,-0.0098,0,-0.017642857,,,
350.475,1024.146,-6.0529,-0.002,0,-0.017646939,,,
350.726,1022.911,-6.0529,0.002,0,-0.017646939,,,
350.977,1021.676,-6.0515,0.0098,0,-0.017642857,,,
351.229,1020.441,-6.0493,0.007,0,-0.017636443,,,
351.48,1019.206,-6.0492,-0.006,0,-0.017636152,,,
351.731,1017.971,-6.0487,0.0098,0,-0.017634694,,,
351.982,1016.736,-6.0485,-0.008,0,-0.017634111,,,
352.234,1015.502,-6.0335,0.1275,0,-0.017590379,,,
352.485,1014.271,-6.0347,-0.1373,0,-0.017593878,,,
352.738,1013.032,-6.0517,0.003,0,-0.01764344,,,
352.989,1011.798,-6.0488,0.0196,0,-0.017634985,,,
353.24,1010.565,-6.0439,0.0196,0,-0.0176207,,,
353.491,1009.332,-6.039,0.0196,0,-0.017606414,,,
353.743,1008.098,-6.0242,0.0981,0,-0.017563265,,,
353.994,1006.868,-6.0315,-0.1569,0,-0.017584548,,,
354.247,1005.63,-6.0477,0.0294,0,-0.017631778,,,
354.498,1004.397,-6.043,0.008,0,-0.017618076,,,
354.75,1003.164,-6.0469,-0.0392,0,-0.017629446,,,
355.001,1001.93,-6.0432,0.0686,0,-0.017618659,,,
355.252,1000.7,-6.042,-0.0588,0,-0.01761516,,,
355.504,999.465,-6.0321,0.1373,0,-0.017586297,,,
355.755,998.237,-6.0321,-0.1373,0,-0.017586297,,,
356.008,997,-6.0395,0.0785,0,-0.017607872,,,
356.259,995.77,-6.026,0.0294,0,-0.017568513,,,
356.51,994.539,-6.0334,-0.0883,0,-0.017590087,,,
356.763,993.304,-6.047,-0.0196,0,-0.017629738,,,
357.014,992.071,-6.0494,0.001,0,-0.017636735,,,
357.264,990.84,-6.0443,0.0392,0,-0.017621866,,,
357.515,989.61,-6.0357,0.0294,0,-0.017596793,,,
357.766,988.379,-6.0407,-0.0686,0,-0.01761137,,,
358.018,987.146,-6.0492,0.001,0,-0.017636152,,,
358.269,985.915,-6.0478,0.0098,0,-0.01763207,,,
358.519,984.684,-6.0476,-0.008,0,-0.017631487,,,
358.77,983.453,-6.0363,0.0981,0,-0.017598542,,,
359.021,982.226,-6.0351,-0.0883,0,-0.017595044,,,
359.273,980.993,-6.0472,-0.008,0,-0.017630321,,,
359.523,979.762,-6.0433,0.0392,0,-0.01761895,,,
359.774,978.533,-6.0359,0.0196,0,-0.017597376,,,
360.025,977.304,-6.0408,-0.0588,0,-0.017611662,,,
360.276,976.072,-6.0445,0.0294,0,-0.017622449,,,
360.527,974.843,-6.0445,-0.0294,0,-0.017622449,,,
360.778,973.613,-6.048,0.002,0,-0.017632653,,,
361.029,972.384,-6.0403,0.0588,0,-0.017610204,,,
361.279,971.156,-6.0293,0.0294,0,-0.017578134,,,
361.53,969.928,-6.0342,-0.0686,0,-0.01759242,,,
361.782,968.697,-6.0453,-0.0196,0,-0.017624781,,,
362.033,967.468,-6.0473,0.004,0,-0.017630612,,,
362.283,966.239,-6.0473,-0.004,0,-0.017630612,,,
362.534,965.011,-6.0416,0.049,0,-0.017613994,,,
362.784,963.784,-6.0416,-0.049,0,-0.017613994,,,
363.035,962.554,-6.0453,0.0196,0,-0.017624781,,,
363.286,961.327,-6.038,0.0392,0,-0.017603499,,,
363.536,960.1,-6.038,-0.0392,0,-0.017603499,,,
363.788,958.871,-6.0454,-0.0196,0,-0.017625073,,,
364.038,957.643,-6.0478,0.0004,0,-0.01763207,,,
364.288,956.416,-6.0404,0.0588,0,-0.017610496,,,
364.539,955.191,-6.0391,-0.049,0,-0.017606706,,,
364.79,953.962,-6.0416,0.0294,0,-0.017613994,,,
365.04,952.736,-6.0428,-0.0392,0,-0.017617493,,,
365.291,951.508,-6.0404,0.0588,0,-0.017610496,,,
365.541,950.283,-6.0379,-0.0392,0,-0.017603207,,,
365.792,949.055,-6.0416,0.0098,0,-0.017613994,,,
366.043,947.829,-6.0379,0.0196,0,-0.017603207,,,
366.293,946.604,-6.0404,-0.0392,0,-0.017610496,,,
366.544,945.377,-6.0342,0.0883,0,-0.01759242,,,
366.794,944.153,-6.0305,-0.0588,0,-0.017581633,,,
367.045,942.926,-6.0244,0.1079,0,-0.017563848,,,
367.296,941.704,-6.0268,-0.1275,0,-0.017570845,,,
367.548,940.474,-6.042,0.007,0,-0.01761516,,,
367.798,939.249,-6.0424,-0.0098,0,-0.017616327,,,
368.048,938.024,-6.0431,0.004,0,-0.017618367,,,
368.298,936.799,-6.043,-0.003,0,-0.017618076,,,
368.549,935.574,-6.0432,0.0009,0,-0.017618659,,,
368.799,934.349,-6.0429,0.002,0,-0.017617784,,,
369.049,933.125,-6.034,0.0686,0,-0.017591837,,,
369.299,931.902,-6.034,-0.0686,0,-0.017591837,,,
369.55,930.676,-6.0415,0.009,0,-0.017613703,,,
369.8,929.452,-6.0411,-0.006,0,-0.017612536,,,
370.05,928.228,-6.0358,0.049,0,-0.017597085,,,
370.3,927.006,-6.0345,-0.0392,0,-0.017593294,,,
370.55,925.781,-6.0358,0.0294,0,-0.017597085,,,
370.8,924.558,-6.0311,0.008,0,-0.017583382,,,
371.05,923.335,-6.0338,-0.0294,0,-0.017591254,,,
371.301,922.111,-6.0376,-0.001,0,-0.017602332,,,
371.551,920.888,-6.0291,0.0686,0,-0.017577551,,,
371.801,919.667,-5.9997,0.1667,0,-0.017491837,,,
372.051,918.449,-6.0058,-0.2157,0,-0.017509621,,,
372.304,917.22,-6.0338,-0.005,0,-0.017591254,,,
372.554,915.997,-6.0332,0.0098,0,-0.017589504,,,
372.804,914.776,-6.0331,-0.009,0,-0.017589213,,,
373.054,913.553,-6.0341,0.001,0,-0.017592128,,,
373.304,912.331,-6.0315,0.0196,0,-0.017584548,,,
373.553,911.11,-6.0119,0.1373,0,-0.017527405,,,
373.803,909.893,-6.0132,-0.1471,0,-0.017531195,,,
374.055,908.667,-6.0329,-0.0098,0,-0.01758863,,,
374.305,907.445,-6.0341,0.0006,0,-0.017592128,,,
374.555,906.224,-6.0329,0.009,0,-0.01758863,,,
374.805,905.003,-6.0269,0.0392,0,-0.017571137,,,
375.055,903.783,-6.0281,-0.049,0,-0.017574636,,,
375.305,902.561,-6.0269,0.0588,0,-0.017571137,,,
375.555,901.342,-6.0256,-0.049,0,-0.017567347,,,
375.805,900.12,-6.0319,-0.0009,0,-0.017585714,,,
376.055,898.9,-6.0328,-0.006,0,-0.017588338,,,
376.305,897.679,-6.0298,0.0294,0,-0.017579592,,,
376.554,896.46,-6.0255,0.005,0,-0.017567055,,,
376.804,895.24,-6.0286,-0.0294,0,-0.017576093,,,
377.054,894.02,-6.031,0.0098,0,-0.01758309,,,
377.304,892.801,-6.0323,-0.0196,0,-0.01758688,,,
377.554,891.581,-6.0337,0.008,0,-0.017590962,,,
377.803,890.362,-6.0335,-0.006,0,-0.017590379,,,
378.053,889.142,-6.0256,0.0686,0,-0.017567347,,,
378.302,887.925,-6.0244,-0.0588,0,-0.017563848,,,
378.553,886.705,-6.033,-0.0098,0,-0.017588921,,,
378.802,885.486,-6.0294,0.0392,0,-0.017578426,,,
379.052,884.268,-6.0238,0.005,0,-0.017562099,,,
379.302,883.05,-6.0159,0.0588,0,-0.017539067,,,
379.552,881.833,-6.0073,0.0098,0,-0.017513994,,,
379.802,880.616,-6.0146,-0.0686,0,-0.017535277,,,
380.053,879.396,-6.0269,-0.0294,0,-0.017571137,,,
380.303,878.177,-6.022,0.0686,0,-0.017556851,,,
380.552,876.961,-6.0172,-0.0294,0,-0.017542857,,,
380.955,875,-6.027,-0.0196,0,-0.017571429,,,
