Time,Altitude,Vertical acceleration,Lateral acceleration
0,875,0,0
0.01,875,2.023,0.261
0.02,875.002,5.045,0.526
0.03,875.009,8.07,0.79
0.04,875.024,11.104,0.971
0.052,875.057,12.559,1.099
0.062,875.097,12.62,1.104
0.072,875.149,12.681,1.109
0.082,875.214,12.743,1.115
0.092,875.291,12.804,1.12
0.101,875.372,12.859,1.125
0.111,875.473,12.836,1.123
0.121,875.587,12.813,1.121
0.131,875.713,12.79,1.119
0.141,875.852,12.767,1.117
0.151,876.004,12.744,1.115
0.161,876.168,12.72,1.113
0.171,876.344,12.697,1.111
0.181,876.533,12.674,1.109
0.19,876.713,12.653,1.107
0.2,876.926,12.657,1.107
0.21,877.151,12.661,1.108
0.22,877.388,12.666,1.108
0.23,877.638,12.67,1.109
0.24,877.9,12.674,1.109
0.25,878.175,12.679,1.109
0.26,878.462,12.683,1.11
0.27,878.761,12.687,1.11
0.28,879.073,12.691,1.11
0.29,879.397,12.696,1.111
0.3,879.734,12.7,1.111
0.31,880.084,12.704,1.111
0.32,880.445,12.706,1.141
0.335,881.011,12.712,1.142
0.358,881.913,12.721,1.142
0.38,882.877,12.73,1.141
0.414,884.443,12.77,1.148
0.464,887.025,12.827,1.168
0.514,889.921,12.883,1.193
0.564,893.133,12.937,1.236
0.614,896.662,12.989,1.291
0.664,900.509,13.038,1.366
0.714,904.677,13.086,1.457
0.764,909.165,13.13,1.565
0.814,913.975,13.171,1.687
0.864,919.107,13.208,1.824
0.914,924.564,13.242,1.973
0.965,930.494,13.272,2.141
1.015,936.609,13.322,2.298
1.065,943.05,13.371,2.44
1.115,949.82,13.42,2.575
1.165,956.918,13.474,2.677
1.215,964.347,13.533,2.743
1.265,972.107,13.601,2.755
1.315,980.201,13.68,2.706
1.365,988.631,13.763,2.626
1.415,997.397,13.851,2.505
1.465,1006.504,13.942,2.354
1.515,1015.952,14.03,2.2
1.565,1025.744,14.109,2.085
1.615,1035.882,14.179,2.016
1.665,1046.368,14.236,2.036
1.715,1057.202,14.279,2.146
1.765,1068.387,14.309,2.323
1.815,1079.923,14.325,2.557
1.865,1091.809,14.342,2.759
1.915,1104.047,14.371,2.865
1.961,1115.547,14.412,2.878
2.004,1126.638,14.47,2.76
2.054,1139.857,14.549,2.528
2.104,1153.433,14.619,2.304
2.154,1167.367,14.668,2.176
2.176,1173.685,14.679,2.179
2.209,1183.295,14.642,2.233
2.258,1197.586,14.566,2.392
2.308,1212.627,14.497,2.654
2.358,1228.023,14.44,2.851
2.395,1239.534,14.424,2.837
2.434,1252.027,14.424,2.73
2.484,1268.313,14.441,2.469
2.534,1284.953,14.389,2.204
2.569,1297.027,14.326,2.164
2.602,1308.066,14.257,2.271
2.65,1324.893,14.148,2.578
2.7,1342.694,14.078,2.753
2.737,1356.344,14.064,2.733
2.778,1371.395,14.083,2.564
2.828,1390.085,14.133,2.292
2.878,1408.826,14.162,2.238
2.887,1412.433,14.163,2.266
2.901,1417.867,14.144,2.321
2.922,1426.068,14.112,2.427
2.954,1438.487,14.065,2.602
3.001,1457.373,14.014,2.746
3.039,1472.627,14.011,2.646
3.089,1493.116,14.02,2.399
3.139,1513.95,13.996,2.28
3.187,1534.237,13.916,2.41
3.237,1555.74,13.811,2.578
3.287,1577.582,13.725,2.605
3.337,1599.76,13.68,2.377
3.387,1622.274,13.614,2.278
3.437,1645.122,13.513,2.393
3.487,1668.3,13.414,2.49
3.537,1691.808,13.333,2.476
3.587,1715.643,13.269,2.366
3.637,1739.803,13.2,2.277
3.658,1750.065,13.166,2.269
3.69,1765.565,12.816,2.241
3.737,1789.049,12.281,2.248
3.787,1814.148,11.727,2.182
3.837,1839.534,11.18,2.062
3.887,1865.194,10.637,1.908
3.937,1891.115,10.085,1.804
3.987,1917.283,9.526,1.722
4.037,1943.685,8.956,1.703
4.087,1970.306,8.389,1.661
4.137,1997.133,7.833,1.539
4.17,2015.003,7.468,1.435
4.22,2041.958,7.288,1.32
4.27,2069.275,7.102,1.233
4.32,2096.767,6.89,1.304
4.37,2124.428,6.667,1.44
4.42,2152.252,6.472,1.41
4.47,2180.235,6.301,1.237
4.493,2193.35,6.221,1.157
4.528,2213.085,5.865,1.009
4.578,2241.391,5.333,0.947
4.628,2269.828,4.778,1.019
4.678,2298.382,4.232,1.032
4.728,2327.039,3.714,0.888
4.778,2355.788,3.206,0.684
4.828,2384.615,2.691,0.525
4.878,2413.508,2.163,0.441
4.881,2415.238,2.13,0.438
4.885,2417.833,2.106,0.439
4.892,2421.726,2.068,0.441
4.902,2427.567,2.011,0.448
4.917,2436.333,1.923,0.471
4.94,2449.49,1.792,0.506
4.974,2469.242,1.598,0.536
5.024,2498.271,1.332,0.48
5.074,2527.332,1.079,0.347
5.124,2556.42,0.821,0.245
5.174,2585.528,0.549,0.23
5.224,2614.649,0.274,0.232
5.274,2643.777,0.01,0.174
5.324,2672.906,-0.254,0.119
5.374,2702.028,-0.517,0.066
5.424,2731.138,-0.783,0.023
5.474,2760.228,-1.054,0.022
5.483,2765.341,-1.101,0.02
5.496,2773.009,-1.154,0.019
5.516,2784.508,-1.23,0.005
5.546,2801.747,-1.341,0.054
5.59,2827.584,-1.505,0.147
5.64,2856.57,-1.7,0.179
5.69,2885.514,-1.905,0.149
5.74,2914.411,-2.106,0.14
5.79,2943.257,-2.297,0.18
5.84,2972.047,-2.472,0.319
5.89,3000.776,-2.664,0.351
5.94,3029.44,-2.864,0.337
5.99,3058.034,-3.061,0.342
6.04,3086.552,-3.249,0.395
6.09,3114.991,-3.438,0.445
6.137,3141.555,-3.62,0.45
6.187,3169.826,-3.901,0.483
6.237,3198.001,-4.174,0.547
6.287,3226.074,-4.447,0.613
6.322,3245.661,-4.635,0.669
6.372,3273.546,-4.604,0.661
6.422,3301.318,-4.579,0.618
6.472,3328.977,-4.548,0.606
6.522,3356.526,-4.518,0.593
6.572,3383.963,-4.485,0.605
6.622,3411.291,-4.443,0.669
6.672,3438.51,-4.412,0.671
6.722,3465.62,-4.396,0.587
6.772,3492.623,-4.376,0.524
6.822,3519.518,-4.341,0.558
6.872,3546.307,-4.302,0.619
6.922,3572.991,-4.27,0.634
6.972,3599.57,-4.249,0.596
7.022,3626.044,-4.233,0.521
7.072,3652.415,-4.206,0.516
7.122,3678.683,-4.167,0.583
7.172,3704.849,-4.133,0.622
7.222,3730.913,-4.109,0.601
7.272,3756.876,-4.092,0.547
7.322,3782.74,-4.074,0.498
7.372,3808.503,-4.049,0.495
7.422,3834.167,-4.015,0.539
7.472,3859.733,-3.983,0.571
7.522,3885.201,-3.956,0.58
7.572,3910.572,-3.934,0.561
7.622,3935.846,-3.915,0.53
7.672,3961.025,-3.899,0.483
7.722,3986.108,-3.88,0.454
7.772,4011.096,-3.848,0.494
7.822,4035.989,-3.816,0.543
7.872,4060.789,-3.788,0.566
7.922,4085.496,-3.773,0.522
7.972,4110.111,-3.759,0.469
8.022,4134.633,-3.735,0.481
8.072,4159.064,-3.71,0.495
8.122,4183.404,-3.684,0.513
8.172,4207.654,-3.659,0.533
8.222,4231.813,-3.647,0.481
8.272,4255.884,-3.639,0.402
8.322,4279.865,-3.612,0.43
8.372,4303.758,-3.574,0.526
8.422,4327.563,-3.548,0.549
8.472,4351.281,-3.537,0.493
8.522,4374.912,-3.531,0.415
8.572,4398.457,-3.514,0.395
8.622,4421.916,-3.484,0.447
8.672,4445.289,-3.454,0.496
8.722,4468.578,-3.433,0.501
8.772,4491.782,-3.42,0.465
8.822,4514.903,-3.406,0.434
8.872,4537.94,-3.392,0.406
8.922,4560.894,-3.375,0.397
8.972,4583.765,-3.346,0.45
9.022,4606.554,-3.321,0.488
9.072,4629.261,-3.307,0.461
9.122,4651.888,-3.293,0.439
9.172,4674.434,-3.283,0.399
9.222,4696.899,-3.271,0.367
9.272,4719.284,-3.245,0.413
9.322,4741.59,-3.219,0.454
9.372,4763.816,-3.199,0.473
9.422,4785.965,-3.189,0.431
9.472,4808.035,-3.183,0.371
9.522,4830.027,-3.168,0.364
9.572,4851.941,-3.146,0.39
9.622,4873.778,-3.123,0.42
9.672,4895.539,-3.102,0.445
9.722,4917.224,-3.088,0.433
9.772,4938.833,-3.081,0.382
9.822,4960.366,-3.069,0.36
9.872,4981.824,-3.047,0.39
9.922,5003.207,-3.03,0.396
9.972,5024.517,-3.018,0.378
10.022,5045.752,-3.005,0.363
10.072,5066.913,-2.987,0.374
10.122,5088.001,-2.964,0.421
10.172,5109.017,-2.948,0.425
10.222,5129.96,-2.942,0.376
10.272,5150.831,-2.936,0.33
10.322,5171.631,-2.926,0.306
10.372,5192.358,-2.901,0.363
10.422,5213.014,-2.876,0.417
10.472,5233.6,-2.867,0.385
10.522,5254.116,-2.86,0.348
10.572,5274.561,-2.847,0.342
10.622,5294.937,-2.829,0.374
10.672,5315.243,-2.816,0.38
10.722,5335.48,-2.812,0.336
10.772,5355.648,-2.807,0.303
10.822,5375.748,-2.792,0.318
10.872,5395.779,-2.771,0.378
10.922,5415.742,-2.757,0.406
10.972,5435.637,-2.756,0.367
11.022,5455.465,-2.756,0.317
11.072,5475.225,-2.752,0.294
11.122,5494.918,-2.739,0.321
11.172,5514.544,-2.726,0.353
11.222,5534.102,-2.72,0.353
11.272,5553.594,-2.712,0.358
11.322,5573.02,-2.708,0.34
11.372,5592.379,-2.706,0.321
11.422,5611.672,-2.699,0.331
11.472,5630.899,-2.69,0.344
11.522,5650.06,-2.686,0.339
11.572,5669.155,-2.679,0.342
11.622,5688.184,-2.669,0.368
11.672,5707.148,-2.669,0.337
11.722,5726.046,-2.673,0.291
11.772,5744.879,-2.67,0.28
11.822,5763.646,-2.657,0.315
11.872,5782.348,-2.642,0.365
11.922,5800.986,-2.634,0.376
11.972,5819.559,-2.633,0.352
12.022,5838.067,-2.635,0.316
12.072,5856.511,-2.634,0.291
12.122,5874.89,-2.627,0.294
12.172,5893.205,-2.615,0.323
12.222,5911.455,-2.603,0.352
12.272,5929.642,-2.596,0.355
12.322,5947.765,-2.595,0.323
12.372,5965.825,-2.593,0.3
12.422,5983.821,-2.583,0.313
12.472,6001.753,-2.575,0.316
12.522,6019.623,-2.565,0.327
12.572,6037.43,-2.558,0.327
12.622,6055.174,-2.554,0.309
12.672,6072.855,-2.544,0.318
12.722,6090.474,-2.536,0.315
12.772,6108.031,-2.529,0.302
12.822,6125.526,-2.52,0.304
12.872,6142.959,-2.512,0.302
12.922,6160.33,-2.501,0.312
12.972,6177.64,-2.486,0.334
13.022,6194.889,-2.476,0.331
13.072,6212.078,-2.472,0.3
13.122,6229.206,-2.466,0.279
13.172,6246.273,-2.459,0.267
13.222,6263.28,-2.448,0.265
13.272,6280.227,-2.429,0.299
13.322,6297.115,-2.412,0.324
13.372,6313.943,-2.399,0.334
13.422,6330.713,-2.39,0.321
13.472,6347.424,-2.387,0.28
13.522,6364.076,-2.378,0.263
13.572,6380.67,-2.365,0.263
13.622,6397.207,-2.351,0.266
13.672,6413.685,-2.335,0.28
13.722,6430.106,-2.32,0.287
13.772,6446.471,-2.309,0.276
13.822,6462.779,-2.292,0.285
13.872,6479.03,-2.274,0.301
13.922,6495.226,-2.264,0.281
13.972,6511.367,-2.257,0.242
14.022,6527.452,-2.247,0.222
14.072,6543.482,-2.23,0.234
14.122,6559.457,-2.21,0.254
14.172,6575.378,-2.189,0.274
14.222,6591.245,-2.172,0.279
14.272,6607.059,-2.157,0.275
14.322,6622.821,-2.146,0.259
14.372,6638.529,-2.138,0.219
14.422,6654.186,-2.127,0.19
14.472,6669.79,-2.107,0.2
14.522,6685.342,-2.084,0.229
14.572,6700.844,-2.06,0.267
14.622,6716.294,-2.041,0.287
14.672,6731.695,-2.03,0.265
14.722,6747.046,-2.027,0.222
14.772,6762.347,-2.026,0.187
14.822,6777.599,-2.021,0.174
14.872,6792.801,-2.01,0.188
14.922,6807.954,-1.994,0.224
14.972,6823.058,-1.982,0.24
15.022,6838.113,-1.975,0.235
15.072,6853.12,-1.97,0.22
15.122,6868.079,-1.965,0.206
15.172,6882.99,-1.961,0.186
15.222,6897.852,-1.952,0.191
15.272,6912.667,-1.939,0.215
15.322,6927.434,-1.93,0.221
15.372,6942.153,-1.921,0.227
15.422,6956.826,-1.915,0.218
15.472,6971.451,-1.913,0.192
15.522,6986.03,-1.906,0.188
15.572,7000.562,-1.897,0.198
15.622,7015.048,-1.888,0.204
15.672,7029.487,-1.881,0.206
15.722,7043.88,-1.874,0.203
15.772,7058.227,-1.868,0.198
15.822,7072.529,-1.864,0.183
15.872,7086.784,-1.858,0.18
15.922,7100.994,-1.85,0.186
15.972,7115.159,-1.841,0.195
16.022,7129.279,-1.833,0.2
16.072,7143.353,-1.826,0.202
16.122,7157.383,-1.818,0.205
16.172,7171.368,-1.813,0.199
16.222,7185.309,-1.81,0.183
16.272,7199.206,-1.806,0.175
16.322,7213.058,-1.8,0.172
16.372,7226.866,-1.795,0.167
16.422,7240.63,-1.789,0.162
16.472,7254.351,-1.782,0.167
16.522,7268.027,-1.771,0.18
16.572,7281.66,-1.758,0.194
16.622,7295.25,-1.747,0.209
16.672,7308.798,-1.737,0.216
16.722,7322.302,-1.73,0.214
16.772,7335.764,-1.726,0.2
16.822,7349.184,-1.727,0.162
16.872,7362.562,-1.731,0.11
16.922,7375.897,-1.729,0.085
16.972,7389.19,-1.718,0.096
17.022,7402.44,-1.702,0.13
17.072,7415.649,-1.683,0.179
17.122,7428.817,-1.666,0.223
17.172,7441.944,-1.654,0.243
17.222,7455.03,-1.649,0.234
17.272,7468.076,-1.65,0.196
17.322,7481.081,-1.655,0.146
17.372,7494.046,-1.656,0.113
17.422,7506.97,-1.655,0.092
17.472,7519.854,-1.647,0.099
17.522,7532.697,-1.636,0.119
17.572,7545.5,-1.625,0.136
17.622,7558.263,-1.613,0.159
17.672,7570.987,-1.602,0.18
17.722,7583.672,-1.593,0.192
17.772,7596.317,-1.587,0.194
17.822,7608.923,-1.586,0.171
17.872,7621.491,-1.585,0.149
17.922,7634.02,-1.585,0.126
17.972,7646.51,-1.585,0.104
18.022,7658.961,-1.58,0.099
18.072,7671.373,-1.571,0.117
18.122,7683.747,-1.561,0.136
18.172,7696.082,-1.554,0.139
18.222,7708.379,-1.545,0.157
18.272,7720.639,-1.535,0.177
18.322,7732.861,-1.532,0.17
18.372,7745.045,-1.531,0.154
18.422,7757.192,-1.531,0.131
18.472,7769.301,-1.531,0.11
18.522,7781.373,-1.529,0.097
18.572,7793.407,-1.525,0.096
18.622,7805.404,-1.516,0.111
18.672,7817.364,-1.508,0.126
18.722,7829.286,-1.503,0.128
18.772,7841.172,-1.495,0.137
18.822,7853.021,-1.488,0.148
18.872,7864.834,-1.484,0.147
18.922,7876.61,-1.482,0.136
18.972,7888.35,-1.48,0.125
19.022,7900.054,-1.478,0.115
19.072,7911.722,-1.475,0.11
19.122,7923.353,-1.472,0.104
19.172,7934.948,-1.468,0.099
19.222,7946.507,-1.463,0.101
19.272,7958.031,-1.456,0.114
19.322,7969.519,-1.449,0.123
19.372,7980.971,-1.444,0.128
19.422,7992.387,-1.44,0.128
19.472,8003.769,-1.435,0.131
19.522,8015.115,-1.428,0.144
19.572,8026.426,-1.424,0.146
19.622,8037.703,-1.423,0.136
19.672,8048.944,-1.423,0.121
19.722,8060.151,-1.423,0.103
19.772,8071.323,-1.425,0.081
19.822,8082.459,-1.427,0.062
19.872,8093.561,-1.424,0.057
19.922,8104.628,-1.419,0.062
19.972,8115.66,-1.41,0.081
20.022,8126.658,-1.399,0.108
20.072,8137.621,-1.389,0.137
20.122,8148.55,-1.38,0.16
20.172,8159.445,-1.376,0.16
20.222,8170.307,-1.374,0.153
20.272,8181.135,-1.373,0.143
20.322,8191.929,-1.376,0.12
20.372,8202.689,-1.379,0.093
20.422,8213.416,-1.381,0.075
20.472,8224.109,-1.382,0.06
20.522,8234.768,-1.383,0.045
20.572,8245.393,-1.38,0.043
20.622,8255.984,-1.371,0.062
20.672,8266.542,-1.362,0.085
20.722,8277.066,-1.352,0.111
20.772,8287.557,-1.342,0.137
20.822,8298.015,-1.334,0.155
20.872,8308.441,-1.331,0.154
20.922,8318.834,-1.331,0.144
20.972,8329.194,-1.331,0.131
21.022,8339.521,-1.335,0.103
21.072,8349.816,-1.339,0.078
21.122,8360.078,-1.342,0.059
21.172,8370.307,-1.344,0.041
21.222,8380.504,-1.343,0.035
21.272,8390.667,-1.337,0.045
21.322,8400.797,-1.328,0.067
21.372,8410.895,-1.317,0.095
21.422,8420.961,-1.309,0.117
21.472,8430.994,-1.301,0.136
21.522,8440.996,-1.295,0.148
21.572,8450.966,-1.294,0.141
21.622,8460.904,-1.296,0.121
21.672,8470.81,-1.298,0.107
21.722,8480.685,-1.297,0.101
21.772,8490.528,-1.299,0.085
21.822,8500.338,-1.302,0.065
21.872,8510.117,-1.306,0.044
21.922,8519.864,-1.308,0.028
21.972,8529.579,-1.308,0.019
22.022,8539.262,-1.305,0.018
22.072,8548.913,-1.297,0.035
22.122,8558.532,-1.287,0.06
22.172,8568.119,-1.275,0.093
22.222,8577.675,-1.263,0.127
22.272,8587.201,-1.254,0.152
22.322,8596.695,-1.249,0.161
22.372,8606.159,-1.247,0.16
22.422,8615.592,-1.249,0.145
22.472,8624.995,-1.252,0.121
22.522,8634.367,-1.256,0.098
22.572,8643.708,-1.261,0.074
22.622,8653.018,-1.267,0.048
22.672,8662.297,-1.271,0.026
22.722,8671.545,-1.272,0.017
22.772,8680.762,-1.269,0.021
22.822,8689.948,-1.265,0.026
22.872,8699.102,-1.259,0.04
22.922,8708.226,-1.252,0.054
22.972,8717.319,-1.242,0.078
23.022,8726.382,-1.233,0.102
23.072,8735.415,-1.23,0.105
23.122,8744.417,-1.228,0.105
23.172,8753.389,-1.224,0.109
23.222,8762.331,-1.222,0.11
23.272,8771.243,-1.22,0.11
23.322,8780.126,-1.219,0.105
23.372,8788.978,-1.222,0.09
23.422,8797.801,-1.224,0.074
23.472,8806.593,-1.226,0.063
23.522,8815.355,-1.227,0.054
23.572,8824.088,-1.228,0.045
23.622,8832.79,-1.228,0.038
23.672,8841.462,-1.227,0.034
23.722,8850.104,-1.226,0.032
23.772,8858.716,-1.221,0.04
23.822,8867.298,-1.215,0.055
23.872,8875.85,-1.209,0.067
23.922,8884.373,-1.205,0.072
23.972,8892.866,-1.201,0.08
24.022,8901.33,-1.197,0.087
24.072,8909.764,-1.194,0.089
24.122,8918.169,-1.191,0.095
24.172,8926.545,-1.189,0.094
24.222,8934.892,-1.186,0.098
24.272,8943.209,-1.184,0.1
24.322,8951.498,-1.184,0.093
24.372,8959.757,-1.186,0.08
24.422,8967.988,-1.189,0.066
24.472,8976.189,-1.189,0.06
24.522,8984.361,-1.19,0.053
24.572,8992.504,-1.192,0.042
24.622,9000.618,-1.194,0.033
24.672,9008.703,-1.193,0.031
24.722,9016.758,-1.189,0.037
24.772,9024.784,-1.187,0.04
24.822,9032.781,-1.186,0.038
24.872,9040.749,-1.183,0.042
24.922,9048.688,-1.178,0.051
24.972,9056.598,-1.172,0.065
25.022,9064.479,-1.168,0.07
25.072,9072.332,-1.166,0.07
25.122,9080.156,-1.163,0.074
25.172,9087.952,-1.161,0.077
25.222,9095.719,-1.157,0.085
25.272,9103.457,-1.154,0.089
25.322,9111.168,-1.154,0.084
25.372,9118.85,-1.154,0.079
25.422,9126.504,-1.154,0.076
25.472,9134.13,-1.154,0.07
25.522,9141.727,-1.156,0.058
25.572,9149.296,-1.159,0.045
25.622,9156.836,-1.161,0.036
25.672,9164.349,-1.162,0.03
25.722,9171.832,-1.162,0.027
25.772,9179.287,-1.159,0.03
25.822,9186.714,-1.157,0.032
25.872,9194.112,-1.154,0.035
25.922,9201.482,-1.149,0.046
25.972,9208.824,-1.143,0.059
26.022,9216.138,-1.139,0.068
26.072,9223.424,-1.135,0.073
26.122,9230.682,-1.132,0.078
26.172,9237.912,-1.13,0.08
26.222,9245.115,-1.129,0.08
26.272,9252.29,-1.129,0.077
26.322,9259.437,-1.129,0.072
26.372,9266.557,-1.13,0.065
26.422,9273.649,-1.132,0.057
26.472,9280.713,-1.133,0.051
26.522,9287.749,-1.133,0.046
26.572,9294.758,-1.133,0.044
26.622,9301.738,-1.134,0.038
26.672,9308.691,-1.135,0.03
26.722,9315.617,-1.134,0.031
26.772,9322.514,-1.132,0.032
26.822,9329.384,-1.131,0.032
26.872,9336.226,-1.13,0.033
26.922,9343.04,-1.128,0.034
26.972,9349.826,-1.126,0.036
27.022,9356.585,-1.122,0.042
27.072,9363.317,-1.118,0.049
27.122,9370.021,-1.113,0.059
27.172,9376.697,-1.109,0.067
27.222,9383.347,-1.107,0.069
27.272,9389.969,-1.107,0.066
27.322,9396.564,-1.107,0.063
27.372,9403.133,-1.105,0.063
27.422,9409.674,-1.103,0.066
27.472,9416.187,-1.102,0.066
27.522,9422.674,-1.102,0.064
27.572,9429.134,-1.102,0.06
27.622,9435.567,-1.103,0.054
27.672,9441.973,-1.104,0.051
27.722,9448.352,-1.104,0.048
27.772,9454.704,-1.104,0.047
27.822,9461.028,-1.105,0.041
27.872,9467.326,-1.109,0.029
27.922,9473.596,-1.111,0.02
27.972,9479.839,-1.111,0.018
28.022,9486.055,-1.11,0.019
28.072,9492.244,-1.107,0.024
28.122,9498.405,-1.106,0.023
28.172,9504.54,-1.105,0.023
28.222,9510.647,-1.103,0.023
28.272,9516.728,-1.101,0.026
28.322,9522.781,-1.097,0.034
28.372,9528.807,-1.093,0.041
28.422,9534.807,-1.09,0.045
28.472,9540.78,-1.086,0.051
28.522,9546.726,-1.081,0.061
28.572,9552.646,-1.078,0.067
28.622,9558.539,-1.075,0.072
28.672,9564.406,-1.071,0.08
28.722,9570.247,-1.07,0.08
28.772,9576.062,-1.071,0.074
28.822,9581.85,-1.072,0.069
28.872,9587.612,-1.074,0.062
28.922,9593.347,-1.076,0.056
28.972,9599.057,-1.077,0.051
29.022,9604.74,-1.079,0.044
29.072,9610.396,-1.083,0.035
29.122,9616.026,-1.084,0.03
29.172,9621.629,-1.086,0.024
29.222,9627.206,-1.089,0.015
29.272,9632.755,-1.093,0.006
29.322,9638.279,-1.094,0.001
29.372,9643.775,-1.094,7.14E-04
29.422,9649.244,-1.094,0.002
29.472,9654.687,-1.091,0.002
29.522,9660.103,-1.088,0.008
29.572,9665.492,-1.083,0.015
29.622,9670.855,-1.078,0.022
29.672,9676.191,-1.075,0.029
29.722,9681.501,-1.07,0.035
29.772,9686.785,-1.067,0.042
29.822,9692.042,-1.062,0.05
29.872,9697.273,-1.057,0.06
29.922,9702.479,-1.053,0.067
29.972,9707.659,-1.05,0.071
30.022,9712.813,-1.048,0.074
30.072,9717.941,-1.046,0.076
30.122,9723.044,-1.047,0.074
30.172,9728.121,-1.046,0.073
30.222,9733.172,-1.046,0.071
30.272,9738.198,-1.047,0.068
30.322,9743.198,-1.049,0.06
30.372,9748.172,-1.052,0.053
30.422,9753.12,-1.055,0.045
30.472,9758.043,-1.057,0.04
30.522,9762.94,-1.058,0.036
30.572,9767.811,-1.062,0.028
30.622,9772.655,-1.065,0.021
30.672,9777.474,-1.068,0.013
30.722,9782.266,-1.072,0.005
30.772,9787.033,-1.076,0.002
30.822,9791.772,-1.078,0.008
30.872,9796.486,-1.079,0.01
30.922,9801.173,-1.079,0.01
30.972,9805.833,-1.077,0.009
31.022,9810.467,-1.075,0.007
31.072,9815.075,-1.072,0.002
31.122,9819.656,-1.068,0.003
31.172,9824.212,-1.064,0.009
31.222,9828.741,-1.059,0.016
31.272,9833.244,-1.054,0.023
31.322,9837.721,-1.049,0.031
31.372,9842.173,-1.044,0.037
31.422,9846.599,-1.041,0.043
31.472,9851,-1.036,0.051
31.522,9855.375,-1.032,0.058
31.572,9859.725,-1.03,0.061
31.622,9864.049,-1.03,0.059
31.672,9868.348,-1.028,0.06
31.722,9872.623,-1.026,0.063
31.772,9876.872,-1.026,0.063
31.822,9881.095,-1.024,0.064
31.872,9885.294,-1.024,0.063
31.922,9889.468,-1.025,0.06
31.972,9893.616,-1.024,0.061
32.022,9897.74,-1.024,0.06
32.072,9901.838,-1.026,0.055
32.122,9905.911,-1.028,0.05
32.172,9909.959,-1.03,0.045
32.222,9913.981,-1.034,0.038
32.272,9917.979,-1.038,0.03
32.322,9921.951,-1.041,0.023
32.372,9925.897,-1.044,0.019
32.422,9929.818,-1.047,0.013
32.472,9933.713,-1.049,0.009
32.522,9937.582,-1.051,0.006
32.572,9941.426,-1.054,0.001
32.622,9945.243,-1.055,0.001
32.672,9949.035,-1.055,6.12E-04
32.722,9952.801,-1.054,8.16E-04
32.772,9956.541,-1.051,0.003
32.822,9960.256,-1.05,0.004
32.872,9963.944,-1.051,0.003
32.922,9967.607,-1.048,0.006
32.972,9971.245,-1.046,0.008
33.022,9974.856,-1.045,0.009
33.072,9978.442,-1.043,0.011
33.122,9982.002,-1.039,0.015
33.172,9985.537,-1.035,0.021
33.222,9989.047,-1.032,0.024
33.272,9992.531,-1.03,0.026
33.322,9995.99,-1.028,0.028
33.372,9999.424,-1.025,0.031
33.422,1.00E+04,-1.023,0.033
33.472,1.00E+04,-1.022,0.034
33.522,1.00E+04,-1.02,0.036
33.572,1.00E+04,-1.018,0.037
33.622,1.00E+04,-1.015,0.041
33.672,1.00E+04,-1.012,0.045
33.722,1.00E+04,-1.01,0.047
33.772,1.00E+04,-1.01,0.046
33.822,1.00E+04,-1.012,0.043
33.872,1.00E+04,-1.011,0.043
33.922,1.00E+04,-1.01,0.044
33.972,1.00E+04,-1.01,0.044
34.022,1.00E+04,-1.009,0.044
34.072,1.00E+04,-1.01,0.043
34.122,1.01E+04,-1.011,0.039
34.172,1.01E+04,-1.012,0.037
34.222,1.01E+04,-1.012,0.036
34.272,1.01E+04,-1.013,0.035
34.322,1.01E+04,-1.013,0.034
34.372,1.01E+04,-1.014,0.032
34.422,1.01E+04,-1.017,0.028
34.472,1.01E+04,-1.019,0.025
34.522,1.01E+04,-1.02,0.024
34.572,1.01E+04,-1.021,0.021
34.622,1.01E+04,-1.024,0.018
34.672,1.01E+04,-1.025,0.017
34.722,1.01E+04,-1.025,0.016
34.772,1.01E+04,-1.027,0.014
34.822,1.01E+04,-1.028,0.012
34.872,1.01E+04,-1.029,0.011
34.922,1.01E+04,-1.03,0.01
34.972,1.01E+04,-1.031,0.008
35.022,1.01E+04,-1.032,0.008
35.072,1.01E+04,-1.032,0.007
35.122,1.01E+04,-1.033,0.005
35.172,1.01E+04,-1.034,0.004
35.222,1.01E+04,-1.033,0.005
35.272,1.01E+04,-1.032,0.005
35.322,1.01E+04,-1.032,0.005
35.372,1.01E+04,-1.031,0.006
35.422,1.01E+04,-1.029,0.007
35.472,1.01E+04,-1.027,0.008
35.522,1.01E+04,-1.026,0.009
35.572,1.01E+04,-1.025,0.01
35.622,1.01E+04,-1.023,0.011
35.672,1.01E+04,-1.02,0.013
35.722,1.01E+04,-1.016,0.016
35.772,1.01E+04,-1.014,0.018
35.822,1.01E+04,-1.011,0.02
35.872,1.01E+04,-1.01,0.021
35.922,1.01E+04,-1.007,0.023
35.972,1.01E+04,-1.005,0.024
36.022,1.02E+04,-1.003,0.026
36.072,1.02E+04,-1.001,0.028
36.122,1.02E+04,-0.998,0.03
36.172,1.02E+04,-0.998,0.03
36.222,1.02E+04,-0.996,0.031
36.272,1.02E+04,-0.994,0.033
36.322,1.02E+04,-0.992,0.034
36.372,1.02E+04,-0.991,0.035
36.422,1.02E+04,-0.99,0.035
36.472,1.02E+04,-0.99,0.035
36.522,1.02E+04,-0.99,0.034
36.572,1.02E+04,-0.989,0.035
36.622,1.02E+04,-0.988,0.035
36.672,1.02E+04,-0.988,0.035
36.722,1.02E+04,-0.987,0.035
36.772,1.02E+04,-0.987,0.034
36.822,1.02E+04,-0.988,0.033
36.872,1.02E+04,-0.988,0.033
36.922,1.02E+04,-0.988,0.032
36.972,1.02E+04,-0.989,0.031
37.022,1.02E+04,-0.99,0.03
37.072,1.02E+04,-0.991,0.028
37.122,1.02E+04,-0.992,0.027
37.172,1.02E+04,-0.993,0.026
37.222,1.02E+04,-0.994,0.025
37.272,1.02E+04,-0.995,0.024
37.322,1.02E+04,-0.996,0.023
37.372,1.02E+04,-0.998,0.021
37.422,1.02E+04,-1,0.02
37.472,1.02E+04,-1.001,0.019
37.522,1.02E+04,-1.002,0.018
37.572,1.02E+04,-1.004,0.017
37.622,1.02E+04,-1.005,0.016
37.672,1.02E+04,-1.007,0.015
37.722,1.02E+04,-1.008,0.014
37.772,1.02E+04,-1.01,0.013
37.822,1.02E+04,-1.012,0.012
37.872,1.02E+04,-1.012,0.012
37.922,1.02E+04,-1.013,0.012
37.972,1.02E+04,-1.014,0.012
38.022,1.02E+04,-1.014,0.011
38.072,1.02E+04,-1.015,0.011
38.122,1.02E+04,-1.015,0.011
38.172,1.02E+04,-1.016,0.011
38.222,1.02E+04,-1.016,0.011
38.272,1.02E+04,-1.016,0.011
38.322,1.02E+04,-1.015,0.011
38.372,1.02E+04,-1.015,0.012
38.422,1.02E+04,-1.015,0.012
38.472,1.02E+04,-1.015,0.012
38.522,1.02E+04,-1.014,0.012
38.572,1.02E+04,-1.013,0.012
38.622,1.02E+04,-1.013,0.012
38.672,1.02E+04,-1.012,0.012
38.722,1.02E+04,-1.011,0.012
38.772,1.02E+04,-1.01,0.013
38.822,1.02E+04,-1.01,0.013
38.872,1.02E+04,-1.009,0.013
38.922,1.02E+04,-1.008,0.013
38.972,1.02E+04,-1.006,0.013
39.022,1.02E+04,-1.005,0.013
39.072,1.02E+04,-1.003,0.014
39.122,1.02E+04,-1.002,0.014
39.172,1.02E+04,-1.001,0.014
39.222,1.02E+04,-0.999,0.014
39.272,1.02E+04,-0.998,0.015
39.322,1.02E+04,-0.997,0.015
39.372,1.02E+04,-0.995,0.015
39.422,1.02E+04,-0.994,0.015
39.472,1.02E+04,-0.992,0.016
39.522,1.02E+04,-0.991,0.016
39.572,1.02E+04,-0.989,0.016
39.622,1.02E+04,-0.988,0.016
39.672,1.02E+04,-0.987,0.016
39.722,1.02E+04,-0.986,0.016
39.772,1.02E+04,-0.985,0.016
39.822,1.02E+04,-0.984,0.016
39.872,1.02E+04,-0.983,0.016
39.922,1.02E+04,-0.982,0.016
39.972,1.02E+04,-0.982,0.016
40.022,1.02E+04,-0.981,0.016
40.072,1.02E+04,-0.98,0.016
40.122,1.02E+04,-0.98,0.015
40.172,1.02E+04,-0.979,0.015
40.222,1.02E+04,-0.979,0.015
40.272,1.02E+04,-0.979,0.015
40.322,1.02E+04,-0.979,0.015
40.372,1.02E+04,-0.981,1.132
40.44,1.02E+04,-0.966,1.103
40.51,1.02E+04,-0.951,1.075
40.581,1.02E+04,-0.937,1.047
40.653,1.02E+04,-0.923,1.013
40.728,1.02E+04,-0.908,1
40.803,1.02E+04,-0.894,0.982
40.88,1.02E+04,-0.881,0.952
40.959,1.02E+04,-0.87,0.904
41.04,1.02E+04,-0.857,0.875
41.123,1.02E+04,-0.845,0.842
41.209,1.02E+04,-0.834,0.804
41.297,1.02E+04,-0.823,0.773
41.387,1.02E+04,-0.811,0.751
41.479,1.02E+04,-0.798,0.737
41.573,1.02E+04,-0.786,0.713
41.669,1.02E+04,-0.774,0.699
41.767,1.02E+04,-0.763,0.674
41.867,1.02E+04,-0.753,0.647
41.97,1.02E+04,-0.739,0.642
42.074,1.02E+04,-0.725,0.635
42.18,1.02E+04,-0.714,0.614
42.288,1.02E+04,-0.7,0.611
42.398,1.02E+04,-0.691,0.581
42.511,1.02E+04,-0.681,0.561
42.626,1.02E+04,-0.67,0.542
42.745,1.02E+04,-0.658,0.525
42.866,1.02E+04,-0.643,0.523
42.989,1.02E+04,-0.629,0.514
43.114,1.02E+04,-0.619,0.492
43.243,1.02E+04,-0.603,0.486
43.375,1.02E+04,-0.588,0.481
43.509,1.02E+04,-0.575,0.467
43.647,1.02E+04,-0.562,0.451
43.788,1.02E+04,-0.544,0.449
43.933,1.02E+04,-0.526,0.449
44.08,1.02E+04,-0.514,0.429
44.233,1.02E+04,-0.495,0.426
44.389,1.02E+04,-0.474,0.431
44.548,1.02E+04,-0.459,0.418
44.712,1.02E+04,-0.439,0.418
44.88,1.02E+04,-0.423,0.407
45.054,1.02E+04,-0.411,0.381
45.236,1.01E+04,-0.394,0.369
45.425,1.01E+04,-0.378,0.351
45.623,1.01E+04,-0.363,0.329
45.831,1.01E+04,-0.343,0.319
46.049,1.01E+04,-0.322,0.307
46.278,1.01E+04,-0.299,0.304
46.517,1.01E+04,-0.276,0.297
46.768,1.01E+04,-0.251,0.302
47.028,1.01E+04,-0.228,0.3
47.299,1.01E+04,-0.21,0.283
47.588,1.01E+04,-0.193,0.261
47.902,1.01E+04,-0.173,0.248
48.239,1.00E+04,-0.151,0.242
48.596,1.00E+04,-0.137,0.209
49.004,1.00E+04,-0.118,0.183
49.472,9983.006,-0.098,0.158
49.972,9961.918,-0.078,0.147
50.472,9940.615,-0.058,0.156
50.972,9919.145,-0.048,0.123
51.472,9897.547,-0.036,0.114
51.972,9875.847,-0.027,0.098
52.472,9854.069,-0.02,0.082
52.972,9832.233,-0.012,0.091
53.472,9810.357,-0.008,0.073
53.972,9788.455,-0.005,0.05
54.472,9766.536,-0.001,0.055
54.972,9744.609,0.002,0.065
55.472,9722.684,0.004,0.063
55.972,9700.767,0.005,0.047
56.472,9678.861,0.006,0.031
56.972,9656.969,0.007,0.033
57.472,9635.093,0.009,0.042
57.972,9613.237,0.009,0.022
58.472,9591.403,0.009,0.023
58.972,9569.591,0.01,0.026
59.472,9547.802,0.01,0.015
59.972,9526.038,0.01,0.007
60.472,9504.299,0.011,0.001
60.972,9482.586,0.011,0.004
61.472,9460.899,0.011,0.008
61.972,9439.238,0.011,0.013
62.472,9417.606,0.012,0.023
62.972,9396.001,0.012,0.02
63.472,9374.426,0.012,0.001
63.972,9352.879,0.012,0.007
64.472,9331.36,0.012,0.003
64.972,9309.869,0.012,0.012
65.472,9288.407,0.012,0.012
65.972,9266.973,0.012,0.007
66.472,9245.568,0.012,0.012
66.972,9224.19,0.011,0.006
67.472,9202.841,0.011,0.009
67.972,9181.519,0.011,0.016
68.472,9160.226,0.011,0.009
68.972,9138.96,0.011,0.015
69.472,9117.722,0.011,0.006
69.972,9096.511,0.011,0.019
70.472,9075.327,0.011,0.001
70.972,9054.17,0.011,0.012
71.472,9033.04,0.011,0.009
71.972,9011.937,0.011,0.013
72.472,8990.86,0.011,0.006
72.972,8969.809,0.011,0.026
73.472,8948.786,0.011,0.004
73.972,8927.789,0.011,0.012
74.472,8906.819,0.011,0.017
74.972,8885.876,0.011,0.004
75.472,8864.96,0.011,0.007
75.972,8844.07,0.011,0.004
76.472,8823.207,0.011,0.012
76.972,8802.371,0.011,4.08E-04
77.472,8781.562,0.011,7.14E-04
77.972,8760.779,0.011,0.007
78.472,8740.022,0.011,0.006
78.972,8719.291,0.011,0.016
79.472,8698.587,0.011,0.013
79.972,8677.908,0.011,0.011
80.472,8657.256,0.01,1.67E-05
80.972,8636.629,0.01,0.015
81.472,8616.027,0.01,1.51E-05
81.972,8595.451,0.01,3.06E-04
82.472,8574.9,0.01,0.006
82.972,8554.374,0.01,0.007
83.472,8533.872,0.01,0.013
83.972,8513.396,0.01,0.013
84.472,8492.944,0.01,0.003
84.972,8472.516,0.01,0.003
85.472,8452.113,0.01,0.01
85.972,8431.735,0.01,4.08E-04
86.472,8411.382,0.01,0.005
86.972,8391.054,0.01,0.014
87.472,8370.751,0.01,0.001
87.972,8350.473,0.01,0.012
88.472,8330.22,0.01,0.013
88.972,8309.991,0.01,0.009
89.472,8289.788,0.01,0.018
89.972,8269.609,0.01,0.022
90.472,8249.455,0.01,0.013
90.972,8229.326,0.01,8.16E-04
91.472,8209.221,0.01,0.002
91.972,8189.139,0.01,0.009
92.472,8169.082,0.01,0.02
92.972,8149.048,0.01,0.022
93.472,8129.039,0.009,0.003
93.972,8109.053,0.01,0.018
94.472,8089.091,0.009,0.007
94.972,8069.151,0.009,4.08E-04
95.472,8049.235,0.01,0.026
95.972,8029.342,0.009,0.017
96.472,8009.472,0.009,0.019
96.972,7989.625,0.009,0.012
97.472,7969.801,0.009,0.008
97.972,7949.999,0.009,0.013
98.472,7930.221,0.009,0.007
98.972,7910.465,0.009,0.011
99.472,7890.733,0.009,0.014
99.972,7871.023,0.009,0.01
100.472,7851.338,0.01,0.026
100.972,7831.675,0.009,0.005
101.472,7812.036,0.009,0.003
101.972,7792.419,0.009,0.002
102.472,7772.825,0.009,0.011
102.972,7753.254,0.009,0.013
103.472,7733.705,0.009,0.018
103.972,7714.18,0.009,0.008
104.472,7694.676,0.009,0.016
104.972,7675.195,0.009,0.009
105.472,7655.736,0.009,0.002
105.972,7636.299,0.009,0.005
106.472,7616.884,0.009,0.012
106.972,7597.49,0.009,0.021
107.472,7578.119,0.009,0.019
107.972,7558.769,0.009,0.01
108.472,7539.441,0.009,0.009
108.972,7520.134,0.009,0.011
109.472,7500.848,0.008,7.14E-04
109.972,7481.583,0.009,0.006
110.472,7462.339,0.009,0.003
110.972,7443.117,0.009,0.007
111.472,7423.916,0.009,5.10E-04
111.972,7404.736,0.009,0.015
112.472,7385.579,0.009,0.002
112.972,7366.442,0.009,0.002
113.472,7347.328,0.009,0.01
113.972,7328.235,0.009,0.011
114.472,7309.163,0.009,0.005
114.972,7290.113,0.009,0.003
115.472,7271.084,0.009,0.003
115.972,7252.076,0.009,0.006
116.472,7233.089,0.009,0.007
116.972,7214.123,0.009,0.014
117.472,7195.178,0.008,0.006
117.972,7176.253,0.008,0.01
118.472,7157.35,0.008,0.004
118.972,7138.467,0.008,0.009
119.472,7119.604,0.008,0.003
119.972,7100.761,0.009,0.031
120.472,7081.94,0.008,0.012
120.972,7063.138,0.008,0.009
121.472,7044.357,0.008,0.001
121.972,7025.595,0.008,0.009
122.472,7006.853,0.008,0.003
122.972,6988.13,0.008,0.015
123.472,6969.428,0.008,0.013
123.972,6950.745,0.008,0.001
124.472,6932.082,0.008,1.02E-04
124.972,6913.438,0.008,0.006
125.472,6894.815,0.008,0.007
125.972,6876.213,0.008,0.009
126.472,6857.63,0.008,0.026
126.972,6839.067,0.008,0.005
127.472,6820.525,0.008,0.021
127.972,6802.003,0.008,0.025
128.472,6783.501,0.008,0.007
128.972,6765.019,0.008,0.001
129.472,6746.556,0.008,0.004
129.972,6728.113,0.008,0.025
130.472,6709.689,0.008,0.018
130.972,6691.285,0.008,0.006
131.472,6672.9,0.008,0.001
131.972,6654.534,0.008,0.013
132.472,6636.187,0.008,0.009
132.972,6617.859,0.008,0.007
133.472,6599.549,0.008,0.008
133.972,6581.259,0.008,8.16E-04
134.472,6562.987,0.008,0.005
134.972,6544.733,0.008,0.009
135.472,6526.498,0.008,0.009
135.972,6508.281,0.008,0.015
136.472,6490.083,0.008,0.032
136.972,6471.904,0.007,0.007
137.472,6453.743,0.008,5.10E-04
137.972,6435.601,0.008,0.012
138.472,6417.477,0.008,0.002
138.972,6399.372,0.008,8.16E-04
139.472,6381.286,0.008,0.023
139.972,6363.219,0.008,0.013
140.472,6345.17,0.008,0.014
140.972,6327.14,0.008,0.022
141.472,6309.129,0.007,0.003
141.972,6291.136,0.007,0.006
142.472,6273.162,0.007,0.014
142.972,6255.206,0.007,0.006
143.472,6237.268,0.007,0.003
143.972,6219.348,0.007,0.011
144.472,6201.446,0.007,0.008
144.972,6183.562,0.007,0.016
145.472,6165.696,0.007,0.011
145.972,6147.848,0.007,0.002
146.472,6130.018,0.007,0.016
146.972,6112.205,0.007,0.001
147.472,6094.41,0.007,0.015
147.972,6076.633,0.007,0.006
148.472,6058.873,0.007,2.04E-04
148.972,6041.13,0.007,0.022
149.472,6023.404,0.007,0.013
149.972,6005.696,0.007,0.02
150.472,5988.005,0.007,0.027
150.972,5970.332,0.007,0.007
151.472,5952.676,0.007,0.011
151.972,5935.037,0.007,0.004
152.472,5917.415,0.007,0.009
152.972,5899.81,0.007,0.005
153.472,5882.223,0.007,0.012
153.972,5864.654,0.007,0.008
154.472,5847.102,0.007,0.026
154.972,5829.567,0.007,0.026
155.472,5812.051,0.007,0.003
155.972,5794.552,0.007,0.005
156.472,5777.069,0.007,0.015
156.972,5759.604,0.007,0.006
157.472,5742.156,0.007,0.023
157.972,5724.724,0.007,0.021
158.472,5707.31,0.007,0.015
158.972,5689.913,0.007,0.007
159.472,5672.532,0.007,0.02
159.972,5655.168,0.007,0.01
160.472,5637.821,0.007,7.30E-05
160.972,5620.49,0.007,0.005
161.472,5603.175,0.007,0.007
161.972,5585.876,0.007,0.02
162.472,5568.594,0.007,0.004
162.972,5551.328,0.007,0.007
163.472,5534.077,0.007,0.01
163.972,5516.843,0.006,0.001
164.472,5499.625,0.006,0.001
164.972,5482.423,0.007,0.01
165.472,5465.236,0.007,0.005
165.972,5448.066,0.007,0.008
166.472,5430.912,0.007,0.017
166.972,5413.774,0.007,0.001
167.472,5396.653,0.007,0.008
167.972,5379.548,0.007,0.007
168.472,5362.46,0.007,0.006
168.972,5345.388,0.007,0.013
169.472,5328.332,0.007,0.006
169.972,5311.292,0.007,0.016
170.472,5294.269,0.007,0.027
170.972,5277.262,0.007,0.015
171.472,5260.271,0.006,0.005
171.972,5243.296,0.006,0.011
172.472,5226.337,0.006,0.013
172.972,5209.393,0.006,0.016
173.472,5192.466,0.006,0.019
173.972,5175.554,0.006,0.009
174.472,5158.657,0.006,0.011
174.972,5141.776,0.006,0.003
175.472,5124.91,0.006,0.02
175.972,5108.06,0.006,5.10E-04
176.472,5091.225,0.006,0.012
176.972,5074.405,0.006,0.014
177.472,5057.6,0.006,0.012
177.972,5040.81,0.006,0.003
178.472,5024.035,0.006,0.001
178.972,5007.275,0.006,0.011
179.472,4990.53,0.006,9.18E-04
179.972,4973.8,0.007,0.032
180.472,4957.085,0.006,0.016
180.972,4940.386,0.006,0.025
181.472,4923.703,0.007,0.039
181.972,4907.035,0.006,8.16E-04
182.472,4890.383,0.007,0.032
182.972,4873.747,0.006,0.02
183.472,4857.125,0.006,0.007
183.972,4840.519,0.006,0.029
184.472,4823.927,0.006,0.002
184.972,4807.351,0.006,0.003
185.472,4790.789,0.006,0.02
185.972,4774.241,0.006,0.018
186.472,4757.709,0.006,0.01
186.972,4741.192,0.006,0.011
187.472,4724.689,0.006,0.01
187.972,4708.201,0.006,0.011
188.472,4691.727,0.006,0.004
188.972,4675.268,0.006,0.014
189.472,4658.823,0.006,0.005
189.972,4642.393,0.006,0.013
190.472,4625.977,0.006,0.012
190.972,4609.575,0.006,0.017
191.472,4593.188,0.006,0.015
191.972,4576.815,0.006,0.008
192.472,4560.457,0.006,0.006
192.972,4544.112,0.006,0.029
193.472,4527.782,0.006,0.023
193.972,4511.466,0.006,0.017
194.472,4495.165,0.006,0.014
194.972,4478.877,0.006,0.009
195.472,4462.602,0.006,0.003
195.972,4446.342,0.006,0.002
196.472,4430.096,0.006,0.011
196.972,4413.864,0.006,0.021
197.472,4397.646,0.006,0.025
197.972,4381.443,0.006,0.023
198.472,4365.255,0.006,0.006
198.972,4349.081,0.006,0.002
199.472,4332.921,0.006,0.013
199.972,4316.775,0.006,0.002
200.472,4300.643,0.006,5.10E-04
200.972,4284.524,0.006,0.018
201.472,4268.42,0.006,0.017
201.972,4252.33,0.006,0.015
202.472,4236.254,0.006,0.029
202.972,4220.192,0.006,0.017
203.472,4204.144,0.005,0.004
203.972,4188.11,0.006,0.012
204.472,4172.089,0.005,0.005
204.972,4156.081,0.006,0.014
205.472,4140.087,0.005,0.004
205.972,4124.106,0.005,0.007
206.472,4108.138,0.005,0.005
206.972,4092.184,0.005,0.01
207.472,4076.243,0.005,0.008
207.972,4060.315,0.005,0.008
208.472,4044.401,0.005,0.015
208.972,4028.5,0.006,0.022
209.472,4012.612,0.006,0.027
209.972,3996.737,0.005,0.015
210.472,3980.876,0.005,0.005
210.972,3965.028,0.005,0.006
211.472,3949.192,0.005,2.04E-04
211.972,3933.37,0.006,0.015
212.472,3917.561,0.005,0.003
212.972,3901.766,0.005,0.005
213.472,3885.984,0.006,0.013
213.972,3870.215,0.005,0.006
214.472,3854.459,0.006,0.026
214.972,3838.717,0.005,0.006
215.472,3822.989,0.006,0.025
215.972,3807.274,0.005,0.011
216.472,3791.572,0.005,0.005
216.972,3775.884,0.005,0.01
217.472,3760.208,0.005,0.017
217.972,3744.545,0.005,0.004
218.472,3728.895,0.005,8.16E-04
218.972,3713.258,0.005,0.004
219.472,3697.633,0.005,0.012
219.972,3682.021,0.006,0.032
220.472,3666.423,0.005,0.009
220.972,3650.837,0.005,0.007
221.472,3635.264,0.005,0.015
221.972,3619.704,0.005,0.017
222.472,3604.156,0.005,0.009
222.972,3588.62,0.005,0.003
223.472,3573.097,0.005,0.006
223.972,3557.586,0.005,0.006
224.472,3542.087,0.005,0.003
224.972,3526.601,0.005,0.012
225.472,3511.127,0.005,0.02
225.972,3495.665,0.005,0.011
226.472,3480.215,0.005,0.014
226.972,3464.778,0.005,0.009
227.472,3449.353,0.006,0.034
227.972,3433.942,0.005,0.014
228.472,3418.543,0.005,0.014
228.972,3403.157,0.005,0.009
229.472,3387.783,0.005,0.005
229.972,3372.421,0.005,0.002
230.472,3357.071,0.005,0.018
230.972,3341.734,0.005,0.019
231.472,3326.41,0.005,0.003
231.972,3311.098,0.005,0.003
232.472,3295.798,0.005,0.016
232.972,3280.511,0.005,0.007
233.472,3265.235,0.005,0.004
233.972,3249.972,0.005,0.01
234.472,3234.721,0.005,0.006
234.972,3219.482,0.005,0.003
235.472,3204.255,0.005,0.013
235.972,3189.04,0.005,0.002
236.472,3173.837,0.005,0.009
236.972,3158.646,0.005,0.025
237.472,3143.467,0.005,0.002
237.972,3128.3,0.005,2.04E-04
238.472,3113.145,0.005,0.003
238.972,3098.001,0.005,0.004
239.472,3082.869,0.005,0.008
239.972,3067.749,0.005,0.003
240.472,3052.64,0.005,0.001
240.972,3037.542,0.005,0.008
241.472,3022.456,0.005,0.005
241.972,3007.382,0.005,0.001
242.472,2992.319,0.005,0.015
242.972,2977.267,0.005,7.14E-04
243.472,2962.228,0.005,0.023
243.972,2947.2,0.005,0.014
244.472,2932.184,0.005,0.014
244.972,2917.18,0.005,0.009
245.472,2902.187,0.005,0.004
245.972,2887.207,0.005,0.008
246.472,2872.238,0.005,0.016
246.972,2857.28,0.005,0.006
247.472,2842.335,0.005,0.003
247.972,2827.401,0.005,0.002
248.472,2812.478,0.005,0.003
248.972,2797.567,0.005,0.003
249.472,2782.668,0.005,0.03
249.972,2767.78,0.005,0.027
250.472,2752.905,0.004,0.001
250.972,2738.041,0.004,0.004
251.472,2723.188,0.005,0.025
251.972,2708.347,0.004,0.013
252.472,2693.517,0.004,0.007
252.972,2678.697,0.005,0.021
253.472,2663.89,0.004,0.015
253.972,2649.093,0.004,2.04E-04
254.472,2634.307,0.005,0.02
254.972,2619.532,0.004,0.005
255.472,2604.769,0.004,0.008
255.972,2590.016,0.004,0.013
256.472,2575.274,0.004,0.007
256.972,2560.543,0.004,0.007
257.472,2545.822,0.004,0.007
257.972,2531.113,0.004,0.01
258.472,2516.414,0.004,0.007
258.972,2501.726,0.004,0.014
259.472,2487.049,0.005,0.034
259.972,2472.383,0.004,0.009
260.472,2457.728,0.005,0.032
260.972,2443.085,0.004,0.015
261.472,2428.453,0.004,0.013
261.972,2413.831,0.004,0.015
262.472,2399.221,0.004,0.006
262.972,2384.621,0.005,0.026
263.472,2370.032,0.004,0.002
263.972,2355.455,0.005,0.025
264.472,2340.888,0.004,0.022
264.972,2326.333,0.004,0.004
265.472,2311.789,0.004,0.015
265.972,2297.255,0.004,0.01
266.472,2282.731,0.004,0.012
266.972,2268.219,0.004,0.013
267.472,2253.717,0.004,0.006
267.972,2239.226,0.004,0.012
268.472,2224.745,0.005,0.026
268.972,2210.275,0.004,0.003
269.472,2195.816,0.004,0.019
269.972,2181.368,0.004,0.007
270.472,2166.929,0.004,0.006
270.972,2152.502,0.004,0.002
271.472,2138.084,0.004,0.02
271.972,2123.677,0.004,0.011
272.472,2109.28,0.004,0.006
272.972,2094.894,0.004,0.021
273.472,2080.518,0.004,0.021
273.972,2066.153,0.004,0.002
274.472,2051.798,0.004,0.008
274.972,2037.452,0.004,0.012
275.472,2023.117,0.004,0.017
275.972,2008.792,0.004,0.013
276.472,1994.477,0.004,0.005
276.972,1980.172,0.004,0.019
277.472,1965.878,0.004,0.011
277.972,1951.593,0.004,0.009
278.472,1937.319,0.004,0.024
278.972,1923.056,0.004,0.008
279.472,1908.803,0.004,0.011
279.972,1894.56,0.004,0.02
280.472,1880.328,0.004,0.008
280.972,1866.106,0.004,0.008
281.472,1851.895,0.004,0.009
281.972,1837.693,0.005,0.032
282.472,1823.502,0.004,0.006
282.972,1809.322,0.004,0.009
283.472,1795.152,0.004,0.018
283.972,1780.991,0.004,0.002
284.472,1766.841,0.004,0.006
284.972,1752.701,0.004,0.009
285.472,1738.57,0.004,0.007
285.972,1724.45,0.004,0.007
286.472,1710.339,0.004,0.019
286.972,1696.239,0.004,0.003
287.472,1682.148,0.004,0.006
287.972,1668.067,0.004,0.006
288.472,1653.996,0.004,0.011
288.972,1639.935,0.004,0.002
289.472,1625.884,0.004,0.019
289.972,1611.842,0.004,0.005
290.472,1597.81,0.004,0.017
290.972,1583.788,0.004,0.021
291.472,1569.776,0.004,0.012
291.972,1555.774,0.004,6.12E-04
292.472,1541.781,0.004,0.014
292.972,1527.797,0.004,0.007
293.472,1513.823,0.004,0.002
293.972,1499.858,0.004,0.003
294.472,1485.903,0.004,0.021
294.972,1471.957,0.004,0.013
295.472,1458.021,0.004,0.004
295.972,1444.095,0.004,0.01
296.472,1430.178,0.004,0.001
296.972,1416.271,0.004,0.004
297.472,1402.374,0.004,0.018
297.972,1388.487,0.004,0.013
298.472,1374.609,0.004,0.005
298.972,1360.742,0.004,0.003
299.472,1346.884,0.004,0.013
299.972,1333.035,0.004,0.006
300.472,1319.196,0.004,0.008
300.972,1305.367,0.004,0.011
301.472,1291.547,0.004,0.007
301.972,1277.737,0.004,0.007
302.472,1263.936,0.004,0.001
302.473,1263.909,29.695,0.038
302.476,1263.816,27.511,0.059
302.48,1263.719,25.407,0.079
302.484,1263.618,23.384,0.098
302.488,1263.513,21.442,0.116
302.493,1263.403,19.58,0.134
302.498,1263.288,17.799,0.151
302.504,1263.168,16.099,0.158
302.51,1263.04,14.479,0.16
302.517,1262.906,12.94,0.162
302.525,1262.763,11.481,0.164
302.534,1262.612,10.103,0.165
302.544,1262.449,8.806,0.167
302.556,1262.274,7.589,0.146
302.569,1262.085,6.453,0.1
302.585,1261.878,5.397,0.056
302.604,1261.65,4.421,0.024
302.627,1261.394,3.527,0.028
302.656,1261.102,2.713,0.029
302.693,1260.76,1.98,0.019
302.745,1260.343,1.328,0.067
302.822,1259.799,0.759,0.116
302.954,1258.99,0.271,0.072
303.18,1257.793,0.013,0.021
303.432,1256.533,2.04E-04,0.023
303.686,1255.27,1.02E-04,0.023
303.94,1254.006,0.007,0.124
304.194,1252.745,-0.006,0.046
304.449,1251.48,0.002,0.074
304.703,1250.217,-0.001,0.053
304.958,1248.954,-0.001,0.022
305.212,1247.691,0.005,0.099
305.466,1246.43,-0.003,0.056
305.72,1245.166,-0.001,0.016
305.974,1243.903,4.08E-04,0.03
306.228,1242.641,6.12E-04,0.044
306.482,1241.38,0.017,0.192
306.736,1240.123,-0.006,0.154
306.992,1238.86,-0.01,0.055
307.248,1237.595,0.002,0.081
307.502,1236.334,-8.16E-04,0.069
307.756,1235.073,-0.002,0.013
308.01,1233.811,4.08E-04,0.027
308.264,1232.55,-2.04E-04,0.004
308.517,1231.289,9.18E-04,0.041
308.771,1230.029,0.008,0.134
309.025,1228.771,-0.003,0.102
309.28,1227.51,-0.001,0.087
309.534,1226.249,-3.06E-04,0.083
309.788,1224.989,0.004,0.12
310.042,1223.73,-0.004,0.081
310.297,1222.47,-0.002,0.048
310.551,1221.21,-9.18E-04,0.011
310.805,1219.95,0.005,0.1
311.058,1218.692,-0.003,0.065
311.312,1217.432,0.003,0.1
311.566,1216.174,-0.004,0.026
311.82,1214.914,0.003,0.08
312.074,1213.657,-0.003,0.018
312.328,1212.397,0.021,0.209
312.581,1211.146,-0.017,0.087
312.837,1209.882,-0.003,0.024
313.091,1208.623,0.001,0.053
313.345,1207.366,0.001,0.073
313.598,1206.109,-0.003,0.007
313.852,1204.85,1.02E-04,0.009
314.105,1203.593,0.001,0.043
314.359,1202.336,0.005,0.106
314.612,1201.081,-0.004,0.05
314.866,1199.823,-6.12E-04,0.031
315.12,1198.566,-4.08E-04,0.005
315.373,1197.309,0.001,0.044
315.626,1196.053,0.008,0.133
315.88,1194.799,-0.006,0.072
316.134,1193.541,2.04E-04,0.073
316.388,1192.285,-0.002,0.019
316.641,1191.029,4.08E-04,0.031
316.895,1189.773,-4.07E-05,0.025
317.148,1188.518,4.08E-04,0.035
317.401,1187.263,-4.08E-04,0.014
317.654,1186.007,0.003,0.072
317.907,1184.753,-0.001,0.051
318.161,1183.498,-9.18E-04,0.023
318.414,1182.243,4.08E-04,0.031
318.667,1180.989,0.003,0.082
318.92,1179.735,7.14E-04,0.088
319.174,1178.481,-0.004,0.019
319.428,1177.226,0.002,0.056
319.681,1175.972,-0.001,0.014
319.934,1174.718,1.00E-04,0.012
320.187,1173.465,0.01,0.14
320.44,1172.214,-0.001,0.128
320.694,1170.961,-0.007,0.052
320.948,1169.705,0.003,0.097
321.201,1168.453,-0.002,0.063
321.455,1167.2,0.001,0.078
321.708,1165.947,-0.003,0.024
321.961,1164.694,0.001,0.048
322.214,1163.442,0.002,0.079
322.467,1162.19,-8.16E-04,0.066
322.72,1160.938,0.019,0.208
322.973,1159.692,-0.02,0.006
323.229,1158.434,4.08E-04,0.021
323.482,1157.182,3.06E-04,0.029
323.734,1155.931,-1.02E-04,0.018
323.987,1154.679,1.02E-04,0.017
324.24,1153.428,4.57E-05,0.012
324.493,1152.177,0.015,0.176
324.746,1150.931,-0.01,0.098
325,1149.677,-0.005,0.002
325.254,1148.425,2.04E-04,0.015
325.506,1147.175,0.006,0.113
325.759,1145.927,-0.004,0.065
326.012,1144.675,0.001,0.083
326.265,1143.426,-0.002,0.043
326.518,1142.175,0.003,0.084
326.771,1140.926,-0.003,0.032
327.024,1139.676,1.59E-05,0.029
327.277,1138.427,4.08E-04,0.037
327.529,1137.177,-2.04E-04,0.028
327.782,1135.928,-2.04E-04,0.008
328.035,1134.679,0.001,0.048
328.287,1133.431,-0.001,8.16E-04
328.54,1132.182,4.08E-04,0.022
328.792,1130.934,0.006,0.107
329.045,1129.687,-0.004,0.055
329.298,1128.438,5.10E-04,0.062
329.55,1127.19,0.005,0.121
329.803,1125.944,-0.007,0.006
330.056,1124.694,4.08E-04,0.023
330.309,1123.447,0.003,0.08
330.561,1122.2,-0.003,0.014
330.814,1120.952,0.005,0.101
331.066,1119.707,-0.004,0.048
331.319,1118.458,-7.14E-04,0.027
331.572,1117.211,6.44E-05,0.025
331.824,1115.965,0.001,0.049
332.077,1114.719,-0.001,0.014
332.329,1113.472,2.04E-04,0.017
332.581,1112.226,0.008,0.125
332.833,1110.982,-0.006,0.057
333.087,1109.735,-1.18E-05,0.055
333.339,1108.489,-9.18E-04,0.031
333.591,1107.243,-3.06E-04,0.004
333.844,1105.998,4.08E-04,0.023
334.096,1104.752,7.14E-04,0.042
334.348,1103.507,0.008,0.13
334.6,1102.265,0.005,0.163
334.853,1101.022,-0.007,0.113
335.107,1099.775,-0.005,0.052
335.36,1098.529,-7.14E-04,0.031
335.612,1097.284,0.002,0.066
335.864,1096.041,-5.10E-04,0.056
336.117,1094.796,0.005,0.11
336.369,1093.554,-0.005,0.045
336.622,1092.308,0.001,0.067
336.874,1091.065,-0.001,0.036
337.126,1089.821,8.16E-04,0.052
337.378,1088.578,-9.71E-05,0.047
337.63,1087.335,0.001,0.069
337.882,1086.092,-0.001,0.045
338.135,1084.849,0.001,0.068
338.387,1083.607,-7.14E-04,0.054
338.639,1082.364,0.02,0.212
338.891,1081.128,-0.014,0.118
339.145,1079.881,-0.006,0.039
339.398,1078.637,-6.12E-04,4.08E-04
339.65,1077.395,0.003,0.074
339.902,1076.154,-0.002,0.034
340.154,1074.912,0.004,0.099
340.406,1073.671,-0.004,0.048
340.658,1072.429,8.16E-04,0.06
340.91,1071.188,0.002,0.08
341.162,1069.947,-0.002,0.043
341.414,1068.706,0.004,0.097
341.666,1067.466,-0.001,0.084
341.918,1066.225,0.009,0.158
342.171,1064.987,-0.012,0.029
342.424,1063.743,0.004,0.097
342.675,1062.505,-2.04E-04,0.094
342.928,1061.264,-0.002,0.072
343.18,1060.024,0.001,0.085
343.432,1058.785,-0.002,0.052
343.684,1057.544,0.005,0.11
343.936,1056.306,-0.005,0.04
344.188,1055.065,0.002,0.068
344.44,1053.827,5.10E-04,0.073
344.691,1052.588,-0.002,0.041
344.943,1051.348,6.91E-06,0.038
345.443,1048.887,0.012,0.161
345.695,1047.652,-0.012,0.014
345.948,1046.41,0.003,0.081
346.199,1045.173,-0.003,8.16E-04
346.451,1043.934,2.04E-04,0.009
346.702,1042.696,2.04E-04,0.014
346.954,1041.458,0.004,0.087
347.205,1040.222,-0.001,0.069
347.457,1038.984,-0.001,0.048
347.709,1037.747,0.005,0.112
347.96,1036.511,-0.006,0.017
348.212,1035.272,0.004,0.087
348.464,1034.037,-0.004,0.014
348.715,1032.799,0.001,0.045
348.967,1031.563,0.002,0.076
349.218,1030.327,-0.003,0.01
349.47,1029.09,0.003,0.071
349.721,1027.854,-0.002,0.005
349.972,1026.618,0.002,0.061
350.224,1025.383,-0.001,0.025
350.475,1024.146,-2.04E-04,0.003
350.726,1022.911,2.04E-04,0.017
350.977,1021.676,0.001,0.046
351.229,1020.441,7.14E-04,0.057
351.48,1019.206,-6.12E-04,0.043
351.731,1017.971,0.001,0.065
351.982,1016.736,-8.16E-04,0.048
352.234,1015.502,0.013,0.172
352.485,1014.271,-0.014,0.011
352.738,1013.032,3.06E-04,0.022
352.989,1011.798,0.002,0.07
353.24,1010.565,0.002,0.096
353.491,1009.332,0.002,0.11
353.743,1008.098,0.01,0.182
353.994,1006.868,-0.016,0.026
354.247,1005.63,0.003,0.081
354.498,1004.397,8.16E-04,0.089
354.75,1003.164,-0.004,0.008
355.001,1001.93,0.007,0.122
355.252,1000.7,-0.006,0.044
355.504,999.465,0.014,0.175
355.755,998.237,-0.014,0.026
356.008,997,0.008,0.128
356.259,995.77,0.003,0.147
356.51,994.539,-0.009,0.06
356.763,993.304,-0.002,7.14E-04
357.014,992.071,1.02E-04,6.41E-05
357.264,990.84,0.004,0.088
357.515,989.61,0.003,0.116
357.766,988.379,-0.007,4.08E-04
358.018,987.146,1.02E-04,0.001
358.269,985.915,0.001,0.046
358.519,984.684,-8.16E-04,0.013
358.77,983.453,0.01,0.144
359.021,982.226,-0.009,0.043
359.273,980.993,-8.16E-04,0.001
359.523,979.762,0.004,0.085
359.774,978.533,0.002,0.107
360.025,977.304,-0.006,0.015
360.276,976.072,0.003,0.08
360.527,974.843,-0.003,0.004
360.778,973.613,2.04E-04,0.012
361.029,972.384,0.006,0.109
361.279,971.156,0.003,0.136
361.53,969.928,-0.007,0.07
361.782,968.697,-0.002,0.038
362.033,967.468,4.08E-04,0.044
362.283,966.239,-4.08E-04,0.031
362.534,965.011,0.005,0.1
362.784,963.784,-0.005,0.004
363.035,962.554,0.002,0.061
363.286,961.327,0.004,0.108
363.536,960.1,-0.004,0.06
363.788,958.871,-0.002,0.013
364.038,957.643,4.31E-05,0.002
364.288,956.416,0.006,0.112
364.539,955.191,-0.005,0.045
364.79,953.962,0.003,0.09
365.04,952.736,-0.004,0.008
365.291,951.508,0.006,0.105
365.541,950.283,-0.004,0.049
365.792,949.055,0.001,0.069
366.043,947.829,0.002,0.093
366.293,946.604,-0.004,0.024
366.544,945.377,0.009,0.134
366.794,944.153,-0.006,0.074
367.045,942.926,0.011,0.17
367.296,941.704,-0.013,0.04
367.548,940.474,7.14E-04,0.052
367.798,939.249,-0.001,0.018
368.048,938.024,4.08E-04,0.03
368.298,936.799,-3.06E-04,0.008
368.549,935.574,9.45E-05,0.002
368.799,934.349,2.04E-04,0.01
369.049,933.125,0.007,0.117
369.299,931.902,-0.007,0.009
369.55,930.676,9.18E-04,0.041
369.8,929.452,-6.12E-04,0.014
370.05,928.228,0.005,0.098
370.3,927.006,-0.004,0.013
370.55,925.781,0.003,0.073
370.8,924.558,8.16E-04,0.082
371.05,923.335,-0.003,0.021
371.301,922.111,-1.02E-04,0.001
371.551,920.888,0.007,0.114
371.801,919.667,0.017,0.219
372.051,918.449,-0.022,0.044
372.304,917.22,-5.10E-04,0.02
372.554,915.997,0.001,0.053
372.804,914.776,-9.18E-04,0.027
373.054,913.553,1.02E-04,0.028
373.304,912.331,0.002,0.073
373.553,911.11,0.014,0.188
373.803,909.893,-0.015,0.062
374.055,908.667,-0.001,0.036
374.305,907.445,5.76E-05,0.034
374.555,906.224,9.18E-04,0.052
374.805,905.003,0.004,0.105
375.055,903.783,-0.005,0.023
375.305,902.561,0.006,0.112
375.555,901.342,-0.005,0.05
375.805,900.12,-9.59E-05,0.046
376.055,898.9,-6.12E-04,0.025
376.305,897.679,0.003,0.083
376.554,896.46,5.10E-04,0.088
376.804,895.24,-0.003,0.042
377.054,894.02,0.001,0.06
377.304,892.801,-0.002,0.005
377.554,891.581,8.16E-04,0.039
377.803,890.362,-6.12E-04,0.004
378.053,889.142,0.007,0.122
378.302,887.925,-0.006,0.057
378.553,886.705,-0.001,0.024
378.802,885.486,0.004,0.089
379.052,884.268,5.10E-04,0.093
379.302,883.05,0.006,0.141
379.552,881.833,0.001,0.15
379.802,880.616,-0.007,0.091
380.053,879.396,-0.003,0.034
380.303,878.177,0.007,0.121
380.552,876.961,-0.003,0.096
380.955,875,-0.002,0.035
